DTXSID,PREFERRED NAME,CASRN,MOLECULAR FORMULA,MONOISOTOPIC MASS,TOXCAST ACTIVE,TOXCAST TOTAL,% TOXCAST ACTIVE,HIT CALL,CONTINUOUS HIT CALL,TOP,SCALED TOP,AC50,LOGAC50
https://comptox.epa.gov/dashboard/chemical/details/DTXSID0020573,17beta-Estradiol,50-28-2,C18H24O2,272.177630,195,671,29,Active,0.999999999842955,-102.67249628250855,5.133624814125428,0.018242083618585443,-1.738925557873128
https://comptox.epa.gov/dashboard/chemical/details/DTXSID0020286,3-Chloro-4-methylaniline,95-74-9,C7H8ClN,141.034527,15,367,4,Inactive,5.540084969914584e-8,-9.696970690929149,0.48484853454645743,24.85,1.395326393069351
https://comptox.epa.gov/dashboard/chemical/details/DTXSID0020319,Chlorothalonil,1897-45-6,C8Cl4N2,263.881559,349,748,47,Inactive,4.357396117085427e-7,-17.173291417312956,0.8586645708656478,6.831996612034173,0.834547642315722
https://comptox.epa.gov/dashboard/chemical/details/DTXSID0020446,Diuron,330-54-1,C9H10Cl2N2O,232.017018,88,711,12,Active,0.980721544182842,-25.557752673265334,1.2778876336632667,25,1.3979400086720377
https://comptox.epa.gov/dashboard/chemical/details/DTXSID0020814,Mestranol,72-33-3,C21H26O2,310.193280,137,539,25,Active,0.9999971891846527,-78.72271341930968,3.9361356709654842,3.9940636823561433,0.6014149850903627
https://comptox.epa.gov/dashboard/chemical/details/DTXSID0021094,"4,4'-Oxydianiline",101-80-4,C12H12N2O,200.094963,51,626,8,Inactive,3.0108887675355667e-7,-8.098871314659323,0.4049435657329662,24.999999999999996,1.3979400086720375
https://comptox.epa.gov/dashboard/chemical/details/DTXSID0021256,Sulfasalazine,599-79-1,C18H14N4O5S,398.068491,50,680,7,Active,0.9999955831274511,-27.135508726952043,1.3567754363476021,5.348256295617554,0.7282122110629063
https://comptox.epa.gov/dashboard/chemical/details/DTXSID0021414,Tris(2-ethylhexyl) phosphate,78-42-2,C24H51O4P,434.352497,65,638,10,Active,0.9997919811344369,-26.45969766140095,1.3229848830700475,18.114623478304658,1.2580293114318843
https://comptox.epa.gov/dashboard/chemical/details/DTXSID0021543,1-Chlorooctane,111-85-3,C8H17Cl,148.101878,10,335,3,Inactive,0.0194101459594025,-12.24840740702347,0.6124203703511735,5,0.6989700043360189
https://comptox.epa.gov/dashboard/chemical/details/DTXSID0023296,C.I. Basic Blue 9,61-73-4,C16H18ClN3S,319.090997,169,385,44,Active,0.9999993599505276,-60.20917043284821,3.0104585216424105,11.209876480150815,1.049600827199393
https://comptox.epa.gov/dashboard/chemical/details/DTXSID1020190,C.I. Acid Blue 74,860-22-0,C16H8N2Na2O8S2,465.951746,18,363,5,Inactive,0.8189920319690561,-24.849180717253606,1.2424590358626804,39.101425405850335,1.5921925894831244
https://comptox.epa.gov/dashboard/chemical/details/DTXSID1020352,Cupferron,135-20-6,C6H9N3O2,155.069477,27,367,7,Inactive,0.001402490449028956,-16.03204135545528,0.801602067772764,37.294363308936,1.5716431972561193
https://comptox.epa.gov/dashboard/chemical/details/DTXSID1020433,"3,3'-Dichlorobenzidine dihydrochloride",612-83-9,C12H12Cl4N2,323.975459,155,487,32,Inactive,-0.0000674012578236483,9.152702907528038,0.45763514537640193,0.007886204245584434,-2.10313197928136
https://comptox.epa.gov/dashboard/chemical/details/DTXSID1020485,C.I. Disperse Black 6 dihydrochloride,20325-40-0,C14H18Cl2N2O2,316.074533,231,632,37,Active,0.9999995636655441,-76.29000803837944,3.814500401918972,18.47866114469391,1.2666705015953708
https://comptox.epa.gov/dashboard/chemical/details/DTXSID1020510,"7,12-Dimethylbenz[a]anthracene",57-97-6,C20H16,256.125201,356,712,50,Inactive,0.00004585867427648599,-15.691507202371788,0.7845753601185894,25,1.3979400086720377
https://comptox.epa.gov/dashboard/chemical/details/DTXSID1020699,4-Hexylresorcinol,136-77-6,C12H18O2,194.130680,246,655,38,Inactive,4.881885109321278e-10,-5.2906868574673895,0.26453434287336947,4.960643616821886,0.6955380275184964
https://comptox.epa.gov/dashboard/chemical/details/DTXSID1020770,Kepone,143-50-0,C10Cl10O,485.683442,450,770,58,Inactive,0.00007625045566581504,-8.920995614207989,0.44604978071039947,25.000000000000004,1.3979400086720377
https://comptox.epa.gov/dashboard/chemical/details/DTXSID1020807,2-Mercaptobenzothiazole,149-30-4,C7H5NS2,166.986342,86,632,14,Inactive,0.0021724548995879817,-15.880765801370183,0.7940382900685091,25,1.3979400086720377
https://comptox.epa.gov/dashboard/chemical/details/DTXSID1020855,Methyl parathion,298-00-0,C8H10NO5PS,263.001731,138,818,17,Active,0.999294557887737,-36.42300985143832,1.8211504925719162,14.644992189347477,1.1656891443942514
https://comptox.epa.gov/dashboard/chemical/details/DTXSID1021031,4-Nitrosodiphenylamine,156-10-5,C12H10N2O,198.079313,184,374,49,Inactive,0.796817902221858,-21.557074587694387,1.0778537293847195,0.46354850559045646,-0.3339048146843533
https://comptox.epa.gov/dashboard/chemical/details/DTXSID1022180,"(1R,2S,5R)-(-)-Menthol",2216-51-5,C10H20O,156.151415,2,338,1,Active,0.9999992902963278,-97.56722855530515,4.878361427765258,0.37564779351109784,-0.42521915778594044
https://comptox.epa.gov/dashboard/chemical/details/DTXSID2020137,"4,4′-Diamino-1,1′-biphenyl",92-87-5,C12H12N2,184.100048,59,627,9,Active,0.9928987586564554,-28.43069171941745,1.4215345859708726,19.907590548521515,1.2990186997660587
https://comptox.epa.gov/dashboard/chemical/details/DTXSID2020426,Dichloran,99-30-9,C6H4Cl2N2O2,205.964983,186,730,25,Active,0.9999999806572175,-51.352328563256314,2.5676164281628155,15.374539686073602,1.186802121859433
https://comptox.epa.gov/dashboard/chemical/details/DTXSID2021151,2-Phenylphenol,90-43-7,C12H10O,170.073165,63,704,9,Active,0.9999859101301737,-59.02602353436877,2.9513011767184385,11.191164515006664,1.0488752801054406
https://comptox.epa.gov/dashboard/chemical/details/DTXSID2021781,"Dibutyl 1,2-benzenedicarboxylate",84-74-2,C16H22O4,278.151809,102,826,12,Inactive,0,5.279846750001395,0.2639923375000698,6.542696055346557,0.8157567453706769
https://comptox.epa.gov/dashboard/chemical/details/DTXSID2026076,Tannic acid,1401-55-4,, ,254,622,41,Active,0.9999999999853101,-94.3912925912145,4.7195646295607245,0.4720521117709174,-0.3260100551682555
https://comptox.epa.gov/dashboard/chemical/details/DTXSID2032348,Chlorophacinone,3691-35-8,C23H15ClO3,374.070972,161,382,42,Active,0.999998657109946,-54.82637394866148,2.7413186974330737,26.377009671003474,1.4212255585721907
https://comptox.epa.gov/dashboard/chemical/details/DTXSID3020209,Butylparaben,94-26-8,C11H14O3,194.094294,121,677,18,Inactive,2.9370602183814313e-8,-14.856095834083744,0.7428047917041872,10.17832722948511,1.0076764091699364
https://comptox.epa.gov/dashboard/chemical/details/DTXSID3020465,Diethylstilbestrol,56-53-1,C18H20O2,268.146330,423,838,50,Active,0.9999999914099893,-93.79133982828577,4.689566991414289,12.57988128533603,1.099676542749413
https://comptox.epa.gov/dashboard/chemical/details/DTXSID3020625,Finasteride,98319-26-7,C23H36N2O2,372.277678,44,447,10,Inactive,1.1870763771754684e-8,-1.0488197093378142,0.05244098546689071,24.999999999999996,1.3979400086720375
https://comptox.epa.gov/dashboard/chemical/details/DTXSID3020673,"C.I. Food Green 3, disodium salt",2353-45-9,C37H34N2Na2O10S3,808.117097,84,381,22,Active,0.9999999730064844,-60.54513522035685,3.0272567610178425,13.154880013982812,1.1190868912280452
https://comptox.epa.gov/dashboard/chemical/details/DTXSID3021483,Phenylacetaldehyde,122-78-1,C8H8O,120.057515,27,364,7,Inactive,0.2761753574754879,-20.33846079123302,1.016923039561651,24.999999999999996,1.3979400086720375
https://comptox.epa.gov/dashboard/chemical/details/DTXSID3021770,"2,2',6,6'-Tetrachlorobisphenol A",79-95-8,C15H12Cl4O2,363.959140,241,566,43,Inactive,0.003817811020690765,-3.134475068570989,0.15672375342854944,5,0.6989700043360189
https://comptox.epa.gov/dashboard/chemical/details/DTXSID3022247,Nerolidol,7212-44-4,C15H26O,222.198365,69,355,19,Inactive,2.3477683609666533e-7,-9.592013411724377,0.47960067058621886,25,1.3979400086720377
https://comptox.epa.gov/dashboard/chemical/details/DTXSID4020240,Caprolactam,105-60-2,C6H11NO,113.084064,24,585,4,Inactive,-1.1969065141186954e-11,0.41630675025079,0.0208153375125395,25,1.3979400086720377
https://comptox.epa.gov/dashboard/chemical/details/DTXSID4020822,Methotrexate,59-05-2,C20H22N8O5,454.171316,121,736,16,Inactive,-1.847179274531677e-15,2.703061005054107,0.13515305025270535,25,1.3979400086720377
https://comptox.epa.gov/dashboard/chemical/details/DTXSID4020959,C.I. Azoic Diazo Component 12,99-55-8,C7H8N2O2,152.058578,33,594,6,Active,0.9974706864049118,-39.53305548846437,1.9766527744232185,20.767042989049727,1.3173746619196143
https://comptox.epa.gov/dashboard/chemical/details/DTXSID4021185,Prednisone,53-03-2,C21H26O5,358.178024,46,653,7,Active,0.9999956998962752,-55.9076323868704,2.79538161934352,14.791348155002993,1.1700077595002907
https://comptox.epa.gov/dashboard/chemical/details/DTXSID4021478,Lynestrenol,52-76-6,C20H28O,284.214016,280,474,59,Inactive,0.00021872181387186748,-12.46381848546045,0.6231909242730225,0.06460593842448313,-1.1897275608524134
https://comptox.epa.gov/dashboard/chemical/details/DTXSID4021848,N-Ethyl-3-methylaniline,102-27-2,C9H13N,135.104799,4,591,1,Inactive,3.827375179564565e-19,-7.496206279495131,0.37481031397475656,10.096675695886548,1.0041784069927195
https://comptox.epa.gov/dashboard/chemical/details/DTXSID4022369,Fulvestrant,129453-61-8,C32H47F5O3S,606.316607,136,654,21,Active,0.9999997710878658,-73.6394879437336,3.68197439718668,15.49702204188627,1.1902482507488996
https://comptox.epa.gov/dashboard/chemical/details/DTXSID4023202,"4,4'-(1H-1,2,4-Triazol-1-ylmethylene)dibenzonitrile",112809-51-5,C17H11N5,285.101445,12,387,3,Active,0.9999991321632073,-52.49771632376449,2.6248858161882245,7.4259124527138525,0.8707498248352783
https://comptox.epa.gov/dashboard/chemical/details/DTXSID5020154,Clorophene,120-32-1,C13H11ClO,218.049843,340,868,39,Active,0.9999999992830704,-71.9891067547084,3.59945533773542,15.261318122735467,1.1835920453297608
https://comptox.epa.gov/dashboard/chemical/details/DTXSID5020233,Ergocalciferol,50-14-6,C28H44O,396.339216,111,397,28,Active,0.9996417457959248,-31.69599586159692,1.584799793079846,28.41694223533212,1.4535773444652427
https://comptox.epa.gov/dashboard/chemical/details/DTXSID5020283,"4-Chloro-1,2-diaminobenzene",95-83-0,C6H7ClN2,142.029776,213,634,34,Active,0.9994419249726195,-41.66616083342929,2.083308041671464,25,1.3979400086720377
https://comptox.epa.gov/dashboard/chemical/details/DTXSID5020366,Cyproterone acetate,427-51-0,C24H29ClO4,416.175437,176,698,25,Active,0.9999999999999999,-97.8735969998855,4.8936798499942755,0.04331918634101077,-1.3633197092703502
https://comptox.epa.gov/dashboard/chemical/details/DTXSID5020528,"2,6-Dinitrotoluene",606-20-2,C7H6N2O4,182.032757,14,609,2,Inactive,0.00027538804006023063,-18.619043513476985,0.9309521756738492,14.606924164380118,1.1645587745194255
https://comptox.epa.gov/dashboard/chemical/details/DTXSID5020576,17alpha-Ethinylestradiol,57-63-6,C20H24O2,296.177630,220,734,30,Active,0.9999959650894922,-55.61071910925047,2.7805359554625233,0.08054106454887096,-1.0939826344176242
https://comptox.epa.gov/dashboard/chemical/details/DTXSID5020784,Lovastatin,75330-75-5,C24H36O5,404.256274,203,677,30,Active,0.9999334905973404,-56.6451093072707,2.8322554653635352,24.916360769720338,1.3964846104973543
https://comptox.epa.gov/dashboard/chemical/details/DTXSID5020811,Mercuric chloride,7487-94-7,Cl2Hg,271.908348,406,721,56,Inactive,0.8129017642307824,-24.581751267559145,1.2290875633779572,25,1.3979400086720377
https://comptox.epa.gov/dashboard/chemical/details/DTXSID5020867,"4,4'-Methylenebis(o-toluidine)",838-88-0,C15H18N2,226.146999,80,644,12,Active,0.9994088264199815,-31.268545681950457,1.5634272840975227,25,1.3979400086720377
https://comptox.epa.gov/dashboard/chemical/details/DTXSID5021413,"Tris(2,3-dibromopropyl) phosphate",126-72-7,C9H15Br6O4P,691.580824,142,487,29,Active,0.999804182453865,-39.311811035809505,1.9655905517904753,21.75,1.3374592612906562
https://comptox.epa.gov/dashboard/chemical/details/DTXSID5021914,5-Methyl-2-hexanone,110-12-3,C7H14O,114.104465,19,366,5,Inactive,2.931360205008778e-8,-1.919989746351923,0.09599948731759615,24.85,1.395326393069351
https://comptox.epa.gov/dashboard/chemical/details/DTXSID5022194,Hexyl acrylate,2499-95-8,C9H16O2,156.115030,2,334,1,Inactive,-0.000009323640510248139,0.0674468019497674,0.0033723400974883704,5,0.6989700043360189
https://comptox.epa.gov/dashboard/chemical/details/DTXSID0032601,Cyproconazole,94361-06-5,C15H18ClN3O,291.113840,104,715,15,Active,0.9999128511043739,-42.51515357972454,2.125757678986227,24.85,1.395326393069351
https://comptox.epa.gov/dashboard/chemical/details/DTXSID0032655,Triticonazole,131983-72-7,C17H20ClN3O,317.129490,100,767,13,Active,0.9999999996064097,-88.0809195591921,4.404045977959605,0.671860797810563,-0.17272069867993775
https://comptox.epa.gov/dashboard/chemical/details/DTXSID0034192,17beta-Trenbolone,10161-33-8,C18H22O2,270.161980,189,717,26,Active,0.9999999995891612,-95.66687245130865,4.783343622565432,0.006446280797927897,-2.190690780683047
https://comptox.epa.gov/dashboard/chemical/details/DTXSID0034518,Desmedipham,13684-56-5,C16H16N2O4,300.111007,35,379,9,Inactive,2.3962762461576683e-9,-7.688953334240252,0.3844476667120126,25,1.3979400086720377
https://comptox.epa.gov/dashboard/chemical/details/DTXSID0035748,Chloroallyl methenamine chloride,51229-78-8,C9H16Cl2N4,250.075202,36,360,10,Active,0.9999528461695533,-69.20670484650319,3.460335242325159,1.4263793542008976,0.15423504411744185
https://comptox.epa.gov/dashboard/chemical/details/DTXSID0052598,Diethylcarbamoyl chloride,88-10-8,C5H10ClNO,135.045092,4,210,2,Active,0.9976191773926625,-72.10332920998445,3.6051664604992224,2.823385690956206,0.4507702093592838
https://comptox.epa.gov/dashboard/chemical/details/DTXSID1034187,Tamoxifen,10540-29-1,C26H29NO,371.224915,371,750,49,Inactive,1.0297502737667921e-12,-8.921151721144724,0.4460575860572362,2.9536610095438833,0.47036065003738226
https://comptox.epa.gov/dashboard/chemical/details/DTXSID1037565,Mepronil,55814-41-0,C17H19NO2,269.141579,36,364,10,Inactive,0.005920908147887153,-13.77040170203453,0.6885200851017265,25,1.3979400086720377
https://comptox.epa.gov/dashboard/chemical/details/DTXSID2035013,Zinc chloride,7646-85-7,Cl2Zn,133.866847,45,346,13,Inactive,0.44129525200132824,-23.665442688641683,1.1832721344320842,5,0.6989700043360189
https://comptox.epa.gov/dashboard/chemical/details/DTXSID3031864,Perfluorooctanesulfonic acid,1763-23-1,C8HF17O3S,499.937494,303,1055,29,Active,0.9289050729126833,-23.93107830701889,1.1965539153509446,5.812237464093104,0.7643433494729448
https://comptox.epa.gov/dashboard/chemical/details/DTXSID3034165,Nilutamide,63612-50-0,C12H10F3N3O4,317.062340,116,648,18,Active,0.9999999999828283,-94.17541706486762,4.708770853243381,1.059807426643858,0.02522695852530612
https://comptox.epa.gov/dashboard/chemical/details/DTXSID3036496,Levonorgestrel,797-63-7,C21H28O2,312.208930,85,671,13,Active,0.9999999997516932,-88.46421834620719,4.423210917310359,0.005627253579488032,-2.2497035139039423
https://comptox.epa.gov/dashboard/chemical/details/DTXSID3036525,Androsterone,53-41-8,C19H30O2,290.224580,53,333,16,Inactive,0.0011487641861992828,-13.734673588708336,0.6867336794354169,0.28023313558580976,-0.5524805137638601
https://comptox.epa.gov/dashboard/chemical/details/DTXSID3037094,4-Hydroxytamoxifen,68392-35-8,C26H29NO2,387.219829,361,715,50,Active,0.9973959447363041,-27.936755244926502,1.396837762246325,12.896229395580349,1.1104627496741557
https://comptox.epa.gov/dashboard/chemical/details/DTXSID3037541,Endosulfan sulfate,1031-07-8,C9H6Cl6O4S,419.811796,149,516,29,Inactive,0.000027869994974201517,-1.1766405095441077,0.05883202547720538,5,0.6989700043360189
https://comptox.epa.gov/dashboard/chemical/details/DTXSID4032613,Fenitrothion,122-14-5,C9H12NO5PS,277.017381,145,787,18,Active,0.9999998125645286,-97.47934765924114,4.873967382962057,5.292265690503202,0.7236416391857099
https://comptox.epa.gov/dashboard/chemical/details/DTXSID4034497,Metconazole,125116-23-6,C17H22ClN3O,319.145140,121,468,26,Active,0.9999999999989713,-102.34831567249722,5.117415783624861,6.821344633788104,0.8338699918814553
https://comptox.epa.gov/dashboard/chemical/details/DTXSID4051536,Hex-1-yn-3-ol,105-31-7,C6H10O,98.073165,3,211,1,Inactive,0.0012147255633400856,-6.984326236232961,0.34921631181164803,5,0.6989700043360189
https://comptox.epa.gov/dashboard/chemical/details/DTXSID5027774,Ethylenediaminetetraacetic acid ferric sodium salt,15708-41-5,C10H12FeN2NaO8,366.984071,4,363,1,Active,0.9952647977854008,-28.685394042348488,1.4342697021174244,33.017986636240074,1.5187505874176976
https://comptox.epa.gov/dashboard/chemical/details/DTXSID5051650,"4,4'-(Isopropylidenebis(4,1-phenyleneoxy))dianiline",13080-86-9,C27H26N2O2,410.199428,63,221,29,Inactive,2.5528245331946203e-9,-12.333123494993526,0.6166561747496763,0.03574379995659314,-1.4467992791260016
https://comptox.epa.gov/dashboard/chemical/details/DTXSID6024882,Cycloheximide,66-81-9,C15H23NO4,281.162708,259,632,41,Inactive,-3.725058730922069e-16,7.031800892637392,0.3515900446318696,6.070835885612345,0.7832484926429483
https://comptox.epa.gov/dashboard/chemical/details/DTXSID7034545,Dimethomorph,110488-70-5,C21H22ClNO4,387.123736,129,727,18,Active,0.9997002159489431,-45.583045182485165,2.2791522591242583,17.32962084669559,1.2387890609257333
https://comptox.epa.gov/dashboard/chemical/details/DTXSID7052571,1-Chloroanthraquinone,82-44-0,C14H7ClO2,242.013457,21,223,9,Active,0.9784332453361138,-31.185945364273632,1.5592972682136816,0.9301356739560492,-0.031453698593496504
https://comptox.epa.gov/dashboard/chemical/details/DTXSID0022353,"3-Chloro[1,1′-biphenyl]-4-ol",92-04-6,C12H9ClO,204.034193,115,414,28,Active,0.9999998923441091,-75.62588401220633,3.7812942006103163,14.108967802388984,1.1494952423777307
https://comptox.epa.gov/dashboard/chemical/details/DTXSID0022519,Folic acid,59-30-3,C19H19N7O6,441.139681,17,641,3,Inactive,0.000005815042018873929,-9.845884451007988,0.4922942225503994,25,1.3979400086720377
https://comptox.epa.gov/dashboard/chemical/details/DTXSID0023907,Benzo(b)fluoranthene,205-99-2,C20H12,252.093900,162,634,26,Inactive,0,-6.341757296897527,0.3170878648448764,0.15448788684256953,-0.8111055672661103
https://comptox.epa.gov/dashboard/chemical/details/DTXSID0025234,Eosin,17372-87-1,C20H6Br4Na2O5,687.674414,96,370,26,Active,0.9999240055364149,-53.85756648083456,2.692878324041728,38.14680234423535,1.58145813908102
https://comptox.epa.gov/dashboard/chemical/details/DTXSID0025527,Medroxyprogesterone acetate,71-58-9,C24H34O4,386.245710,75,465,16,Active,0.999999992002689,-83.31755869506753,4.165877934753377,0.4215580926150383,-0.37514256916803
https://comptox.epa.gov/dashboard/chemical/details/DTXSID1022265,Alachlor,15972-60-8,C14H20ClNO2,269.118257,127,664,19,Active,0.9979910994065819,-48.82599110845192,2.4412995554225962,34.57530729114124,1.5387660486296182
https://comptox.epa.gov/dashboard/chemical/details/DTXSID1025433,3-Hydroxypropanenitrile,109-78-4,C3H5NO,71.037114,1,211,0,Inactive,0.002862951337532375,-8.98285996989669,0.4491429984948345,5,0.6989700043360189
https://comptox.epa.gov/dashboard/chemical/details/DTXSID1025726,2-Nitrobenzenamine,88-74-4,C6H6N2O2,138.042927,5,368,1,Inactive,0.003922493674706112,-11.361956899247149,0.5680978449623575,0.6573799104061014,-0.18218357213314074
https://comptox.epa.gov/dashboard/chemical/details/DTXSID1025805,2-n-Octyl-4-isothiazolin-3-one,26530-20-1,C11H19NOS,213.118735,381,671,57,Active,0.9999728917100492,-42.21042902384468,2.110521451192234,9.456884071452436,0.9757480652087422
https://comptox.epa.gov/dashboard/chemical/details/DTXSID1026906,"N,N-Dimethyldodecan-1-amine",112-18-5,C14H31N,213.245650,31,483,6,Inactive,-0.00001665776935342518,3.065089976402069,0.15325449882010345,5,0.6989700043360189
https://comptox.epa.gov/dashboard/chemical/details/DTXSID1027184,Decamethylcyclopentasiloxane,541-02-6,C10H30O5Si5,370.093957,4,356,1,Inactive,-0.0011168700793072765,3.710941829504949,0.18554709147524745,25,1.3979400086720377
https://comptox.epa.gov/dashboard/chemical/details/DTXSID2022678,Bicalutamide,90357-06-5,C18H14F4N2O4S,430.061041,60,409,15,Active,0.9999999989666704,-76.43468616047309,3.8217343080236548,0.5073717396699658,-0.2946737264071388
https://comptox.epa.gov/dashboard/chemical/details/DTXSID2022880,Danazol,17230-88-5,C22H27NO2,337.204179,198,478,41,Inactive,1.495226369408465e-10,-9.549011615907421,0.47745058079537106,0.13543129706703042,-0.8682809621436856
https://comptox.epa.gov/dashboard/chemical/details/DTXSID2024163,Linuron,330-55-2,C9H10Cl2N2O2,248.011933,128,799,16,Active,0.999998757358475,-60.86477374139151,3.0432386870695756,15.328262535533371,1.1854929301972184
https://comptox.epa.gov/dashboard/chemical/details/DTXSID2025505,Linoleic acid,60-33-3,C18H32O2,280.240230,74,383,19,Active,0.9950035954308137,-50.11445441928687,2.505722720964344,25,1.3979400086720377
https://comptox.epa.gov/dashboard/chemical/details/DTXSID2041252,"1,4-Diamino-9,10-anthracenedione",128-95-0,C14H10N2O2,238.074228,81,378,21,Inactive,0.7527400034551494,-21.98679122935962,1.099339561467981,10.403222464994458,1.0171678856440658
https://comptox.epa.gov/dashboard/chemical/details/DTXSID3022536,4-Cumylphenol,599-64-4,C15H16O,212.120115,297,724,41,Active,0.9995672856661564,-43.504205052998785,2.175210252649939,25,1.3979400086720377
https://comptox.epa.gov/dashboard/chemical/details/DTXSID3022667,Betamethasone,378-44-9,C22H29FO5,392.199902,44,344,13,Active,0.9999999997781688,-80.54533696695054,4.027266848347527,4.587465090154328,0.6615727723640092
https://comptox.epa.gov/dashboard/chemical/details/DTXSID3023897,Triadimefon,43121-43-3,C14H16ClN3O2,293.093104,134,754,18,Active,0.9991716402171009,-39.70878364937183,1.9854391824685915,19.600382099714327,1.2922645377942292
https://comptox.epa.gov/dashboard/chemical/details/DTXSID3024318,Terbutryn,886-50-0,C10H19N5S,241.136117,55,451,12,Inactive,0.0003814462744761471,-4.440885791246304,0.2220442895623152,5,0.6989700043360189
https://comptox.epa.gov/dashboard/chemical/details/DTXSID3025091,C.I. Disperse Black 6,119-90-4,C14H16N2O2,244.121178,87,614,14,Active,0.9999791411317902,-49.33734275877582,2.4668671379387908,25,1.3979400086720377
https://comptox.epa.gov/dashboard/chemical/details/DTXSID3025209,C.I. Disperse Blue 27,15791-78-3,C22H16N2O7,420.095751,161,456,35,Inactive,0,-2.46770278205896,0.12338513910294799,0.07263798618142922,-1.1388362047184735
https://comptox.epa.gov/dashboard/chemical/details/DTXSID3026065,"C.I. Acid Blue 1, sodium salt",129-17-9,C27H31N2NaO6S2,566.152123,72,360,20,Inactive,0.0015225004559437413,-8.81036986322616,0.44051849316130803,24.999999999999996,1.3979400086720375
https://comptox.epa.gov/dashboard/chemical/details/DTXSID3026728,(Z)-Nerol,106-25-2,C10H18O,154.135765,25,627,4,Inactive,1.4128395241930013e-9,-10.128149064062008,0.5064074532031004,25,1.3979400086720377
https://comptox.epa.gov/dashboard/chemical/details/DTXSID4022361,Vinclozolin,50471-44-8,C12H9Cl2NO3,284.995949,112,836,13,Inactive,3.629357387336422e-11,-12.769427557632788,0.6384713778816394,2.394237794582407,0.3791672821381818
https://comptox.epa.gov/dashboard/chemical/details/DTXSID4022367,Estrone,53-16-7,C18H22O2,270.161980,121,686,18,Active,0.9999997226622586,-31.46685475994346,1.573342737997173,0.4717202622677799,-0.32631546867248373
https://comptox.epa.gov/dashboard/chemical/details/DTXSID4022442,Bisphenol B,77-40-7,C16H18O2,242.130680,234,687,34,Active,0.9999579231759853,-31.86869921305704,1.5934349606528522,19.720193300232406,1.2949111676443832
https://comptox.epa.gov/dashboard/chemical/details/DTXSID4022446,"2,2′-Methylenebis[phenol]",2467-02-9,C13H12O2,200.083730,93,516,18,Active,0.999997499643312,-59.29500668422869,2.9647503342114345,25,1.3979400086720377
https://comptox.epa.gov/dashboard/chemical/details/DTXSID4022527,Propylparaben,94-13-3,C10H12O3,180.078644,101,652,15,Inactive,0.5737236489886128,-22.352053689009367,1.1176026844504683,25,1.3979400086720377
https://comptox.epa.gov/dashboard/chemical/details/DTXSID4023412,Oxytetracycline dihydrate,6153-64-6,C22H28N2O11,496.169310,124,783,16,Active,0.9999999366240258,-86.57702208024679,4.328851104012339,11.299138056467594,1.0530453150234687
https://comptox.epa.gov/dashboard/chemical/details/DTXSID4024066,"1,2-Dinitrobenzene",528-29-0,C6H4N2O4,168.017107,113,611,18,Active,0.9981463604937089,-28.064036283307477,1.403201814165374,18.473290127483253,1.2665442509875997
https://comptox.epa.gov/dashboard/chemical/details/DTXSID4024270,Prochloraz,67747-09-5,C15H16Cl3N3O2,375.030810,325,853,38,Active,0.999986682681249,-67.21174798615309,3.3605873993076543,19.748766464725556,1.2955399741754712
https://comptox.epa.gov/dashboard/chemical/details/DTXSID4026183,Tributylamine,102-82-9,C12H27N,185.214350,7,585,1,Inactive,1.0139591284912268e-11,-2.547924737613242,0.1273962368806621,25,1.3979400086720377
https://comptox.epa.gov/dashboard/chemical/details/DTXSID0044367,Tetradonium bromide,1119-97-7,C17H38BrN,335.218763,290,465,62,Inactive,0.46650135765092726,-23.099790200293494,1.1549895100146748,5,0.6989700043360189
https://comptox.epa.gov/dashboard/chemical/details/DTXSID0044496,6-Pentyltetrahydro-2H-pyran-2-one,705-86-2,C10H18O2,170.130680,2,335,1,Inactive,0.6321838995090525,-25.16067602946321,1.2580338014731605,5,0.6989700043360189
https://comptox.epa.gov/dashboard/chemical/details/DTXSID0047379,"3-Chloro-2-((3R)-5-chloro-1-(2,4-dimethoxybenzyl)-3-methyl-2-oxo-2,3-dihydro-1H-indol-3-yl)-N-ethyl-N-(3-pyridinylmethyl)benzamide hydrochloride (1:1)",1437319-51-1,C33H32Cl3N3O4,639.145840,304,653,47,Active,0.9999999782613314,-81.27385197920951,4.0636925989604755,18.266985793457845,1.2616668910161917
https://comptox.epa.gov/dashboard/chemical/details/DTXSID1042154,Methyl red,493-52-7,C15H15N3O2,269.116427,108,366,30,Inactive,1.1970584713414034e-15,-6.793568713134494,0.33967843565672473,14.825422430231646,1.1710070768426988
https://comptox.epa.gov/dashboard/chemical/details/DTXSID1044487,Methyltrioctylammonium chloride,5137-55-3,C25H54ClN,403.394478,192,384,50,Active,0.999999983464277,-108.97142729311744,5.448571364655872,11.18172860988741,1.048508947352215
https://comptox.epa.gov/dashboard/chemical/details/DTXSID1048174,FR167356,174185-16-1,C19H17Cl2NO3,377.058549,208,624,33,Inactive,0.12052972779262756,-19.9432027966161,0.997160139830805,10.848200977912887,1.0353577225028943
https://comptox.epa.gov/dashboard/chemical/details/DTXSID3024102,Fenamiphos,22224-92-6,C13H22NO3PS,303.105802,125,780,16,Active,0.9601735198859251,-39.224933200377585,1.9612466600188792,25,1.3979400086720377
https://comptox.epa.gov/dashboard/chemical/details/DTXSID3024235,Flusilazole,85509-19-9,C16H15F2N3Si,315.100330,281,766,37,Active,0.9999984847814088,-42.28927001339257,2.114463500669628,9.467173845897241,0.9762203521486079
https://comptox.epa.gov/dashboard/chemical/details/DTXSID3041409,2-Chloro-N-phenylacetamide,587-65-5,C8H8ClNO,169.029442,133,365,36,Inactive,2.1796985232664428e-7,-8.054010192285865,0.40270050961429327,25,1.3979400086720377
https://comptox.epa.gov/dashboard/chemical/details/DTXSID3042007,Glyceryl monoricinoleate,1323-38-2,, ,52,364,14,Inactive,0.0000015951787748834423,-9.225981735260746,0.46129908676303727,45.16827220371006,1.6548334780587115
https://comptox.epa.gov/dashboard/chemical/details/DTXSID4041280,Tempol,2226-96-2,C9H18NO2,172.133754,7,458,2,Inactive,0.0024405023651350778,-10.114228234042775,0.5057114117021387,3.95,0.5965970956264602
https://comptox.epa.gov/dashboard/chemical/details/DTXSID4041527,"2,2,6,6-Tetramethyl-4-piperidone",826-36-8,C9H17NO,155.131014,1,337,0,Inactive,0.002804663978977126,-5.583332415717352,0.27916662078586757,4.325,0.6359861118008331
https://comptox.epa.gov/dashboard/chemical/details/DTXSID4042096,L-Glucitol,6706-59-8,C6H14O6,182.079038,7,356,2,Inactive,2.1490468012940045e-11,-5.974410826817984,0.2987205413408992,0.14802343960573322,-0.8296695083523056
https://comptox.epa.gov/dashboard/chemical/details/DTXSID4044375,Glycerol 1-allylether,123-34-2,C6H12O3,132.078644,11,333,3,Active,0.986205195360609,-28.149787100838775,1.4074893550419387,1.3326586147091812,0.12471891105197898
https://comptox.epa.gov/dashboard/chemical/details/DTXSID5041306,"2,2',4,4'-Tetrahydroxybenzophenone",131-55-5,C13H10O5,246.052823,146,737,20,Active,0.9999999999201744,-102.49167271136801,5.124583635568401,2.7306521139880107,0.43626637439858784
https://comptox.epa.gov/dashboard/chemical/details/DTXSID5047320,SB236057A,180084-01-9,C33H35ClN4O3,570.239769,372,673,55,Active,0.9988655499600677,-38.1444228143125,1.907221140715625,16.849871998546703,1.2265966060657556
https://comptox.epa.gov/dashboard/chemical/details/DTXSID6041422,7-(Dimethylamino)-4-methylcoumarin,87-01-4,C12H13NO2,203.094629,96,409,23,Active,0.9999999909674427,-88.98215262029198,4.449107631014599,6.796274445844429,0.8322709081471588
https://comptox.epa.gov/dashboard/chemical/details/DTXSID6041424,"2,6-Dimethyl-2-heptanol",13254-34-7,C9H20O,144.151415,0,474,0,Inactive,1.545382491169623e-12,-7.690265315204027,0.38451326576020134,4.9606490932703,0.6955385069703977
https://comptox.epa.gov/dashboard/chemical/details/DTXSID6041636,(+/-)-alpha-Methylbenzyl acetate,93-92-5,C10H12O2,164.083730,2,361,1,Inactive,0.0012351322261628696,-5.371166812884861,0.26855834064424305,5,0.6989700043360189
https://comptox.epa.gov/dashboard/chemical/details/DTXSID6041682,Bromophenol blue,115-39-9,C19H10Br4O5S,665.698247,95,385,25,Active,0.9999981475924149,-57.80545463121338,2.890272731560669,18.10957637956328,1.257908291386954
https://comptox.epa.gov/dashboard/chemical/details/DTXSID6042074,Isopropyl-o-cresol,499-75-2,C10H14O,150.104465,20,374,5,Active,0.946932218972718,-26.3499948273806,1.31749974136903,10.630954318691137,1.0265722519869451
https://comptox.epa.gov/dashboard/chemical/details/DTXSID6043915,"17-((1-Oxohexyl)oxy)pregn-4-ene-3,20-dione",630-56-8,C27H40O4,428.292660,161,407,40,Active,0.9999999998830554,-57.9108401983933,2.895542009919665,1.122395540767814,0.05014593258928158
https://comptox.epa.gov/dashboard/chemical/details/DTXSID6044303,Atorvastatin calcium,134523-03-8,C66H68CaF2N4O10,1154.452942,100,434,23,Active,0.999989728137158,-38.95671408824373,1.9478357044121863,6.778903173982583,0.8311594307370891
https://comptox.epa.gov/dashboard/chemical/details/DTXSID6044511,Dipropyl hexanedioate,106-19-4,C12H22O4,230.151809,7,337,2,Inactive,0.0000014192516994668368,-13.068935164982195,0.6534467582491097,4.960640938274956,0.6955377930169769
https://comptox.epa.gov/dashboard/chemical/details/DTXSID6047280,CP-607366,289716-94-5,C14H12Cl2FNO,299.027998,198,622,32,Active,0.9999904736914633,-43.78485494746345,2.1892427473731724,16.606557281326808,1.220279607846183
https://comptox.epa.gov/dashboard/chemical/details/DTXSID7027388,Diisooctyl adipate,1330-86-5,C22H42O4, ,8,473,2,Inactive,0,-6.829409909419904,0.3414704954709952,0.0848149242670304,-1.0715277213691037
https://comptox.epa.gov/dashboard/chemical/details/DTXSID7041544,Tonalide,21145-77-7,C18H26O,258.198365,98,449,22,Inactive,0.02804281974115164,-15.29222338461038,0.7646111692305191,25,1.3979400086720377
https://comptox.epa.gov/dashboard/chemical/details/DTXSID7044718,C.I. Acid Orange 156,68555-86-2,C21H19N4NaO5S,462.097385,69,389,18,Active,0.9996205027025731,-55.96275840667915,2.7981379203339576,25,1.3979400086720377
https://comptox.epa.gov/dashboard/chemical/details/DTXSID7047306,CP-634384,290352-28-2,C19H19NO5,341.126323,70,648,11,Inactive,5.052426546821122e-9,-8.503625485351467,0.42518127426757335,42.79406390793068,1.6313835309098221
https://comptox.epa.gov/dashboard/chemical/details/DTXSID8024280,Propiconazole,60207-90-1,C15H17Cl2N3O2,341.069782,252,800,32,Active,0.9999680966600175,-44.86361632001479,2.2431808160007396,9.985018843991686,0.999348888819529
https://comptox.epa.gov/dashboard/chemical/details/DTXSID8027377,Dimethylaniline,1300-73-8,C8H11N, ,15,467,3,Inactive,-2.143909674593499e-9,2.4762561659997497,0.12381280829998749,25,1.3979400086720377
https://comptox.epa.gov/dashboard/chemical/details/DTXSID8047347,SR271425,155990-20-8,C22H27N3O3S,413.177313,368,696,53,Inactive,1.4712477601201617e-15,-9.807769125587155,0.4903884562793578,6.321304573731494,0.8008067160522102
https://comptox.epa.gov/dashboard/chemical/details/DTXSID9041653,Methyl 3-methylorsellinate,4707-47-5,C10H12O4,196.073559,47,405,12,Active,0.9999988252311179,-40.788221084046945,2.0394110542023474,13.64872901063081,1.1350922111299209
https://comptox.epa.gov/dashboard/chemical/details/DTXSID9044532,D&C Blue No. 9,130-20-1,C28H12Cl2N2O4,510.017412,26,467,6,Inactive,-0.11705777089090888,18.080982355262744,0.9040491177631372,0.06511369115591947,-1.186327684729741
https://comptox.epa.gov/dashboard/chemical/details/DTXSID9044538,C.I. Disperse Orange 37,13301-61-6,C17H15Cl2N5O2,391.060280,75,377,20,Active,0.9999999858350118,-81.9511881786236,4.09755940893118,16.147211700192102,1.208097539189273
https://comptox.epa.gov/dashboard/chemical/details/DTXSID9044825,3-tert-Butylphenol,585-34-2,C10H14O,150.104465,21,480,4,Inactive,0.00006904512686265095,-10.395374425230232,0.5197687212615116,47.80407312102105,1.6794649020225976
https://comptox.epa.gov/dashboard/chemical/details/DTXSID9044904,C.I. Acid Blue 22,28631-66-5,, ,13,364,4,Active,0.9999999496666487,-77.997769230466,3.8998884615233003,15.524013063991967,1.191003999541904
https://comptox.epa.gov/dashboard/chemical/details/DTXSID9047338,HMR1426,262376-75-0,C16H12ClNOS,301.032813,177,642,28,Inactive,2.700933775848657e-7,-12.892517951759798,0.6446258975879899,10.20985207749045,1.0090194499816194
https://comptox.epa.gov/dashboard/chemical/details/DTXSID9047540,3-Hydroxyfluorene,6344-67-8,C13H10O,182.073165,190,662,29,Active,0.9999998887292008,-91.91428077214246,4.595714038607123,8.771167113168474,0.9430573855079547
https://comptox.epa.gov/dashboard/chemical/details/DTXSID0047246,Darbufelone mesylate,139340-56-0,C19H28N2O5S2,428.143964,321,636,50,Active,0.9928302119588964,-31.208705812675078,1.560435290633754,33.91716589873771,1.5304195556730638
https://comptox.epa.gov/dashboard/chemical/details/DTXSID0047325,SB413217A,NOCAS_47325,C30H36ClFN4O2,538.251082,104,640,16,Inactive,0.04879705194238821,-18.458675811656764,0.9229337905828382,11.599999999999998,1.0644579892269184
https://comptox.epa.gov/dashboard/chemical/details/DTXSID0047371,AVE5638,725228-45-5,C25H23FN2O2,402.174356,412,702,59,Active,0.997523047277561,-33.45545299706017,1.6727726498530084,32.554508678266394,1.512611145238808
https://comptox.epa.gov/dashboard/chemical/details/DTXSID0047377,AVE6324,NOCAS_47377,C31H36Cl2N4O7S,678.168176,359,669,54,Active,0.9999941978232126,-83.80286942942172,4.190143471471086,17.79178785593688,1.2502195915327379
https://comptox.epa.gov/dashboard/chemical/details/DTXSID0048183,(-)-Enterolactone,77756-20-8,C18H18O4,298.120509,35,478,7,Active,0.9999880664952125,-82.42757370755076,4.121378685377538,4.156689961599664,0.6187476326399969
https://comptox.epa.gov/dashboard/chemical/details/DTXSID1040372,Epoxiconazole,133855-98-8,C17H13ClFN3O,329.073118,78,391,20,Inactive,0.0015991490152424926,-10.458426696634428,0.5229213348317214,0.12536189363220113,-0.901834456330433
https://comptox.epa.gov/dashboard/chemical/details/DTXSID1047310,Farglitazar,196808-45-4,C34H30N2O5,546.215472,351,720,49,Inactive,0.7316073336978359,-24.320606659817244,1.2160303329908622,25,1.3979400086720377
https://comptox.epa.gov/dashboard/chemical/details/DTXSID1047312,GSK232420A,864283-48-7,C12H9F6N3O,325.064981,44,614,7,Active,1,-100.40105582261998,5.020052791130999,0.01781302146309863,-1.749262408809864
https://comptox.epa.gov/dashboard/chemical/details/DTXSID1047528,Benzyloctyl adipate,58394-64-2,C21H32O4,348.230060,11,589,2,Inactive,0.00028865602351696906,-13.531913846676384,0.6765956923338192,25,1.3979400086720377
https://comptox.epa.gov/dashboard/chemical/details/DTXSID2022381,meso-Hexestrol,84-16-2,C18H22O2,270.161980,335,722,46,Inactive,1.4070223126049114e-9,-12.725286049312185,0.6362643024656093,0.001402949691724832,-2.8529579020279683
https://comptox.epa.gov/dashboard/chemical/details/DTXSID2037712,"4,4',4''-Ethane-1,1,1-triyltriphenol",27955-94-8,C20H18O3,306.125594,295,648,46,Active,0.9238299392462372,-26.384980562917583,1.319249028145879,25,1.3979400086720377
https://comptox.epa.gov/dashboard/chemical/details/DTXSID2047351,SSR 240612,464930-42-5,C42H53ClN4O7S,792.332349,347,656,53,Active,0.99999999862828,-83.00775917356486,4.150387958678243,10.815799272962341,1.0340586187368226
https://comptox.epa.gov/dashboard/chemical/details/DTXSID2047353,SSR 241586 HCl,NOCAS_47353,C32H43Cl3N4O3,636.240074,421,687,61,Active,0.9999999748722312,-63.2526633584905,3.162633167924525,13.947295301059663,1.1444899961607284
https://comptox.epa.gov/dashboard/chemical/details/DTXSID3022370,Progesterone,57-83-0,C21H30O2,314.224580,261,660,40,Active,0.9999999999999922,-98.59324186057853,4.929662093028926,0.1465681687010692,-0.8339603384160118
https://comptox.epa.gov/dashboard/chemical/details/DTXSID3040352,Dinocap,39300-45-3,, ,318,509,62,Inactive,0.006152759320068147,-13.369673050430006,0.6684836525215003,5,0.6989700043360189
https://comptox.epa.gov/dashboard/chemical/details/DTXSID3047425,4-Butylphenol,1638-22-8,C10H14O,150.104465,61,415,15,Inactive,0.8595260501709389,-25.90583406566493,1.2952917032832465,17.070170673396756,1.2322378633610058
https://comptox.epa.gov/dashboard/chemical/details/DTXSID3047429,Dexamethasone sodium phosphate,2392-39-4,C22H28FNa2O8P,516.130122,87,736,12,Active,0.9827354967719278,-27.874548366018026,1.3937274183009012,0.030714183154090708,-1.5126610302838042
https://comptox.epa.gov/dashboard/chemical/details/DTXSID3048522,HMR1171 trifluoroacetate (1:1),NOCAS_48522,C37H49F3N4O5S,718.337576,186,418,44,Active,0.959122474622346,-24.07485041130502,1.203742520565251,12.584887966747624,1.0998493537230891
https://comptox.epa.gov/dashboard/chemical/details/DTXSID4035708,Methylbenzethonium chloride,25155-18-4,C28H44ClNO2, ,207,395,52,Active,0.9999999989713159,-89.92888964361975,4.496444482180988,11.512150150304258,1.0611564453676852
https://comptox.epa.gov/dashboard/chemical/details/DTXSID4047337,PharmaGSID_47337,1061517-62-1,C34H31N4NaO4,582.224300,301,646,47,Active,0.9999905745130097,-41.46496829325176,2.073248414662588,20.375836273256713,1.309115442266374
https://comptox.epa.gov/dashboard/chemical/details/DTXSID4047882,Phenylparaben,17696-62-7,C13H10O3,214.062994,65,409,16,Inactive,0.052977722730388116,-19.57093619271335,0.9785468096356675,16.396600883468533,1.2147538254527654
https://comptox.epa.gov/dashboard/chemical/details/DTXSID4048519,PharmaGSID_48519,686756-87-6,C22H20BrN5O4,497.069867,327,640,51,Inactive,1.5336716183931227e-12,-12.854941668809584,0.6427470834404791,5.534272965551692,0.7430605759305672
https://comptox.epa.gov/dashboard/chemical/details/DTXSID5022439,Phenolphthalin,81-90-3,C20H16O4,320.104859,33,642,5,Inactive,7.794413299333262e-14,-0.1806634343252435,0.009033171716262176,25,1.3979400086720377
https://comptox.epa.gov/dashboard/chemical/details/DTXSID5047249,Fandosentan potassium salt,221246-12-4,C25H17F3KNO6S,555.036574,147,635,23,Active,0.9999617009643277,-50.59864597912684,2.529932298956342,25,1.3979400086720377
https://comptox.epa.gov/dashboard/chemical/details/DTXSID5047297,CP-085958,134002-60-1,C25H20FNO5S,465.104622,81,600,14,Active,0.9999931594160402,-46.02647614073733,2.3013238070368667,20.797443083170577,1.318009944427729
https://comptox.epa.gov/dashboard/chemical/details/DTXSID5047322,SB243213A,200940-23-4,C22H20ClF3N4O2,464.122688,181,633,29,Inactive,0,3.251317315481195,0.16256586577405976,0.06300242428013185,-1.2006427389396377
https://comptox.epa.gov/dashboard/chemical/details/DTXSID5047451,"C.I. Acid Yellow 11, sodium salt",6359-82-6,C16H13N4NaO4S,380.055520,31,371,8,Inactive,-1.4305682228464198e-7,7.285335401956669,0.3642667700978334,45.64966126386272,1.6594375592683233
https://comptox.epa.gov/dashboard/chemical/details/DTXSID5048184,Melengestrol acetate,2919-66-6,C25H32O4,396.230060,84,404,21,Active,0.9999999936845831,-82.79760188741436,4.139880094370718,0.3296233399068456,-0.4819820444449618
https://comptox.epa.gov/dashboard/chemical/details/DTXSID5048506,PharmaGSID_48506,588941-45-1,C19H22ClN3O3S,407.107040,159,604,26,Active,0.9922954963873745,-42.75005988210013,2.1375029941050068,36.44725697493093,1.561664848827435
https://comptox.epa.gov/dashboard/chemical/details/DTXSID6047311,GSK163929B,NOCAS_47311,C36H40ClF2N5O3S,695.250845,244,658,37,Active,0.9999999999857004,-88.40867403558889,4.420433701779444,11.32911493881291,1.0541959829257448
https://comptox.epa.gov/dashboard/chemical/details/DTXSID6047315,PharmaGSID_47315,444610-91-7,C33H34F3N3O4S2,657.194283,378,644,59,Active,0.9999931803713981,-39.33409642523659,1.9667048212618294,29.0199637765074,1.4626968660041026
https://comptox.epa.gov/dashboard/chemical/details/DTXSID6047527,"Adipic acid, polypropyleneglycol, laurate",66456-53-9,, ,20,597,3,Inactive,0,-14.438345665648335,0.7219172832824168,1.415468282035985,0.15090014209315084
https://comptox.epa.gov/dashboard/chemical/details/DTXSID7041708,"C.I. Acid Orange 24, monosodium salt",1320-07-6,C20H17N4NaO5S, ,47,368,13,Active,0.9873857829854723,-49.32008393417253,2.4660041967086266,25,1.3979400086720377
https://comptox.epa.gov/dashboard/chemical/details/DTXSID7047358,Nelivaptan,439687-69-1,C30H32ClN3O8S,629.159864,250,655,38,Active,0.9984787262503962,-37.214449048240716,1.8607224524120358,13.768859284350611,1.1388979615326695
https://comptox.epa.gov/dashboard/chemical/details/DTXSID7047433,Equilin,474-86-2,C18H20O2,268.146330,137,571,24,Active,0.9999934011157043,-70.65912841179197,3.5329564205895982,5.865917496553977,0.7683359503862104
https://comptox.epa.gov/dashboard/chemical/details/DTXSID8022377,17alpha-Estradiol,57-91-0,C18H24O2,272.177630,195,664,29,Active,0.9999999989351924,-95.25325331565779,4.762662665782889,0.03507906060709086,-1.4549520452552374
https://comptox.epa.gov/dashboard/chemical/details/DTXSID8047890,"3,3'-Dimethylbisphenol A",79-97-0,C17H20O2,256.146330,200,466,43,Inactive,0.013759680221086826,-13.865546190631509,0.6932773095315754,0.4960633952797287,-0.30446281854845963
https://comptox.epa.gov/dashboard/chemical/details/DTXSID9047257,Zamifenacin,127308-82-1,C27H29NO3,415.214744,273,684,40,Inactive,3.1299649327259345e-9,-8.470664477885196,0.4235332238942598,25,1.3979400086720377
https://comptox.epa.gov/dashboard/chemical/details/DTXSID9047592,9-Phenanthrol,484-17-3,C14H10O,194.073165,327,678,48,Active,0.9999999250241897,-65.97444184242983,3.2987220921214915,10.050436220853225,1.0021849119254687
https://comptox.epa.gov/dashboard/chemical/details/DTXSID9047598,"4,4'-Sulfonylbis[2-(prop-2-en-1-yl)phenol]",41481-66-7,C18H18O4S,330.092580,334,740,45,Active,0.9999486871488923,-42.68035761668343,2.1340178808341714,33.135513140269445,1.520293700512204
https://comptox.epa.gov/dashboard/chemical/details/DTXSID9048510,PharmaGSID_48510,460081-99-6,C21H16F4N2O4,436.104620,129,623,21,Active,0.9999999956043352,-71.74376015860916,3.5871880079304583,2.814676057706106,0.4494284189222818
https://comptox.epa.gov/dashboard/chemical/details/DTXSID0027222,Terpinolene,586-62-9,C10H16,136.125201,11,363,3,Inactive,-0.000049965183405478074,9.10608369202599,0.4553041846012995,0.022962241867431607,-1.6389857128278957
https://comptox.epa.gov/dashboard/chemical/details/DTXSID0029210,Butyltin trichloride,1118-46-3,C4H9Cl3Sn,281.879185,7,358,2,Active,0.9997611563150463,-54.11063193761376,2.705531596880688,25,1.3979400086720377
https://comptox.epa.gov/dashboard/chemical/details/DTXSID0029262,"2,6-Di-tert-butyl-4-ethylphenol",4130-42-1,C16H26O,234.198365,53,374,14,Inactive,9.641592262217849e-12,-8.546142694196607,0.4273071347098304,3.1466743709513354,0.4978518029017823
https://comptox.epa.gov/dashboard/chemical/details/DTXSID0032493,Triadimenol,55219-65-3,C14H18ClN3O2,295.108754,116,733,16,Active,0.9999985646849372,-67.89213089689358,3.3946065448446787,25,1.3979400086720377
https://comptox.epa.gov/dashboard/chemical/details/DTXSID0032572,Prallethrin,23031-36-9,C19H24O3,300.172545,218,792,28,Inactive,3.684093392466606e-7,-7.475759445584046,0.3737879722792023,24.85,1.395326393069351
https://comptox.epa.gov/dashboard/chemical/details/DTXSID0034566,Emamectin benzoate,155569-91-8,, ,499,841,59,Active,0.9999999950589277,-81.4893831066463,4.074469155332315,6.019044903095178,0.7795275832473211
https://comptox.epa.gov/dashboard/chemical/details/DTXSID0034695,Mancozeb,8018-01-7,C8H12MnN4S8Zn,538.749952,247,908,27,Active,0.9999362060226399,-33.041468096537805,1.6520734048268904,12.5,1.0969100130080565
https://comptox.epa.gov/dashboard/chemical/details/DTXSID0037730,"1,4-Dihydroxy-2-naphthoic acid",31519-22-9,C11H8O4,204.042259,156,391,40,Active,0.9999316342956607,-58.37946130029485,2.9189730650147423,34.96909707688937,1.5436844187093859
https://comptox.epa.gov/dashboard/chemical/details/DTXSID0038887,Fluorescein,2321-07-5,C20H12O5,332.068473,78,499,16,Active,0.9998256438214808,-38.26351365316341,1.9131756826581703,13.533518450423783,1.131410719358594
https://comptox.epa.gov/dashboard/chemical/details/DTXSID0040707,4-Pentylaniline,33228-44-3,C11H17N,163.136100,53,613,9,Inactive,9.125451235433961e-12,-10.998636453340698,0.5499318226670349,0.05757858310698302,-1.2397390264393524
https://comptox.epa.gov/dashboard/chemical/details/DTXSID1021087,Oxazepam,604-75-1,C15H11ClN2O2,286.050905,31,370,8,Active,0.9999999996173978,-80.90936356443224,4.045468178221612,1.8611928262676947,0.2697913699313141
https://comptox.epa.gov/dashboard/chemical/details/DTXSID8032386,Ethalfluralin,55283-68-6,C13H14F3N3O4,333.093640,116,760,15,Inactive,0.026662870495802928,-16.86932747178825,0.8434663735894125,25.000000000000004,1.3979400086720377
https://comptox.epa.gov/dashboard/chemical/details/DTXSID8033562,Hydroxyflutamide,52806-53-8,C11H11F3N2O4,292.067091,130,676,19,Active,0.9999999999999812,-98.16029879634006,4.9080149398170025,0.15516937613414838,-0.8091939859661934
https://comptox.epa.gov/dashboard/chemical/details/DTXSID8034742,"Milbemectin (mixture of 70% Milbemycin A4, 30% Milbemycin A3)",NOCAS_34742,, ,404,734,55,Active,0.9999951116216933,-57.58233754134331,2.8791168770671653,9.262679148597325,0.9667366207169242
https://comptox.epa.gov/dashboard/chemical/details/DTXSID8034956,Tetraconazole,112281-77-3,C13H11Cl2F4N3O,371.021530,290,726,40,Active,0.9999834713871986,-55.76002780773594,2.788001390386797,5.467822910100003,0.737814440348636
https://comptox.epa.gov/dashboard/chemical/details/DTXSID9032537,Didecyldimethylammonium chloride,7173-51-5,C22H48ClN,361.347528,430,693,62,Active,0.9999999891797744,-68.32755653714703,3.4163778268573517,12.333606914154796,1.0910901028600364
https://comptox.epa.gov/dashboard/chemical/details/DTXSID9034997,Tributyltetradecylphosphonium chloride,81741-28-8,C26H56ClP,434.380816,222,396,56,Active,0.9999998136426099,-69.13313575995733,3.4566567879978662,23.124921193561253,1.3640802613998355
https://comptox.epa.gov/dashboard/chemical/details/DTXSID9036515,Testosterone propionate,57-85-2,C22H32O3,344.235145,263,673,39,Active,0.9999999947656097,-76.99835797289643,3.8499178986448213,0.8007422230677502,-0.09650727057879996
https://comptox.epa.gov/dashboard/chemical/details/DTXSID5022271,4-(Diethylamino)salicylaldehyde,17754-90-4,C11H15NO2,193.110279,30,325,9,Active,0.999999956617802,-95.0107397229625,4.750536986148125,0.29793371403001057,-0.5258803494578845
https://comptox.epa.gov/dashboard/chemical/details/DTXSID5022934,Digoxin,20830-75-5,C41H64O14,780.429607,107,370,29,Inactive,-0.0000035516038461222537,0.9176377438180283,0.045881887190901416,16.9,1.2278867046136734
https://comptox.epa.gov/dashboard/chemical/details/DTXSID5023322,Mifepristone,84371-65-3,C29H35NO2,429.266779,363,736,49,Active,0.9999999137140133,-91.40891974799224,4.570445987399612,0.04670430449637378,-1.3306430908927214
https://comptox.epa.gov/dashboard/chemical/details/DTXSID5023796,Pentamidine isethionate,140-64-7,C23H36N4O10S2,592.187286,251,662,38,Inactive,-8.7394324366548e-9,3.4665431781578713,0.17332715890789357,21.9,1.3404441148401183
https://comptox.epa.gov/dashboard/chemical/details/DTXSID5024059,"3,3'-Dimethylbenzidine",119-93-7,C14H16N2,212.131349,90,643,14,Active,0.9999999999683344,-67.54207305310567,3.3771036526552836,15.967303604364377,1.2032315831005491
https://comptox.epa.gov/dashboard/chemical/details/DTXSID5024211,Napropamide,15299-99-7,C17H21NO2,271.157229,161,768,21,Active,0.9999947349276815,-72.25664818097717,3.6128324090488584,11.494527388199083,1.060491119414191
https://comptox.epa.gov/dashboard/chemical/details/DTXSID5024261,Phosmet,732-11-6,C11H12NO4PS2,316.994537,72,693,10,Active,0.9999972289436353,-61.36952763753246,3.0684763818766227,17.292213486185393,1.237850588606927
https://comptox.epa.gov/dashboard/chemical/details/DTXSID5025021,Dicyclohexyl phthalate,84-61-7,C20H26O4,330.183109,170,497,34,Inactive,0.0013161873913829912,-15.119844638058538,0.7559922319029269,26.1,1.416640507338281
https://comptox.epa.gov/dashboard/chemical/details/DTXSID5026544,"1,2,3-Benzotriazin-4(1H)-one",90-16-4,C7H5N3O,147.043262,2,333,1,Inactive,0.48445173493478105,-23.31337312281565,1.1656686561407825,2.6500079135494694,0.4232471708446325
https://comptox.epa.gov/dashboard/chemical/details/DTXSID6022474,Corticosterone,50-22-6,C21H30O4,346.214409,91,663,14,Active,0.9999999996290878,-95.30504377361403,4.7652521886807016,4.558123290098482,0.6587860679890023
https://comptox.epa.gov/dashboard/chemical/details/DTXSID6023862,Aldicarb sulfone,1646-88-4,C7H14N2O4S,222.067428,5,363,1,Inactive,-6.896646003475921e-8,16.48091280490349,0.8240456402451745,6.657222292932055,0.8232930588266797
https://comptox.epa.gov/dashboard/chemical/details/DTXSID6023868,Hydramethylnon,67485-29-4,C25H24F6N4,494.190516,203,389,52,Active,0.989179096766335,-31.045355619683768,1.5522677809841885,25,1.3979400086720377
https://comptox.epa.gov/dashboard/chemical/details/DTXSID1027429,Cyclododecanol,1724-39-6,C12H24O,184.182715,34,361,9,Inactive,9.259699310088832e-13,-13.188998652753344,0.6594499326376673,18.891385374039068,1.2762638074845138
https://comptox.epa.gov/dashboard/chemical/details/DTXSID1032484,Temephos,3383-96-8,C16H20O6P2S3,465.989726,136,504,27,Inactive,0.000006948436147182676,-11.995740451216882,0.5997870225608442,5,0.6989700043360189
https://comptox.epa.gov/dashboard/chemical/details/DTXSID6020068,2-Aminoanthraquinone,117-79-3,C14H9NO2,223.063329,111,650,17,Active,0.9999999987158682,-78.27314384887539,3.9136571924437695,19.8469884109195,1.2976946160993221
https://comptox.epa.gov/dashboard/chemical/details/DTXSID6020278,"1-Chloro-2,4-dinitrobenzene",97-00-7,C6H3ClN2O4,201.978134,173,372,47,Active,0.9999999951661851,-88.54542347714153,4.4272711738570765,11.876223918002406,1.0746783773238118
https://comptox.epa.gov/dashboard/chemical/details/DTXSID6020511,"3,3'-Dimethylbenzidine dihydrochloride",612-82-8,C14H18Cl2N2,284.084704,79,401,20,Active,0.9999999999948995,-77.08573309169878,3.8542866545849392,0.8884326309214031,-0.05137549878536807
https://comptox.epa.gov/dashboard/chemical/details/DTXSID6020690,Hexachlorophene,70-30-4,C13H6Cl6O2,403.849896,333,556,60,Active,0.965617032532486,-34.14585187181044,1.707292593590522,5,0.6989700043360189
https://comptox.epa.gov/dashboard/chemical/details/DTXSID6021450,C.I. Disperse Yellow 3,2832-40-8,C15H15N3O2,269.116427,78,333,23,Inactive,0.0035716680277350227,-13.548942825880843,0.6774471412940422,5,0.6989700043360189
https://comptox.epa.gov/dashboard/chemical/details/DTXSID6021824,Dichlorophen,97-23-4,C13H10Cl2O2,268.005785,191,412,46,Active,0.999999966651109,-86.36618732613317,4.318309366306659,16.1653247193794,1.2085844328831288
https://comptox.epa.gov/dashboard/chemical/details/DTXSID7020182,Bisphenol A,80-05-7,C15H16O2,228.115030,236,981,24,Active,0.9999998745668621,-66.64995892453531,3.3324979462267654,16.475039485395566,1.2168264641321391
https://comptox.epa.gov/dashboard/chemical/details/DTXSID7020392,Diallyl phthalate,131-17-9,C14H14O4,246.089209,56,664,8,Active,0.9999999501785978,-80.87383832942331,4.0436919164711655,14.4586092005148,1.1601265194044568
https://comptox.epa.gov/dashboard/chemical/details/DTXSID7020843,"Methyl (9Z,12Z)-octadecadienoate",112-63-0,C19H34O2,294.255880,188,493,38,Active,0.9995123690930917,-33.40929479526788,1.670464739763394,11.491382595370903,1.0603722843381376
https://comptox.epa.gov/dashboard/chemical/details/DTXSID7021150,Phenylmercuric acetate,62-38-4,C8H8HgO2,338.023072,503,740,68,Active,0.9999273763940986,-37.340745136020175,1.8670372568010087,29.149217043135614,1.4646268939693918
https://comptox.epa.gov/dashboard/chemical/details/DTXSID7021152,4-Phenylphenol,92-69-3,C12H10O,170.073165,138,539,26,Active,0.9999999996640754,-111.34535953524669,5.567267976762334,4.831501648860906,0.6840821320883645
https://comptox.epa.gov/dashboard/chemical/details/DTXSID7021233,FD&C Red 3,16423-68-0,C20H6I4Na2O5,879.618940,205,487,42,Active,0.9999973541545871,-62.20100554362798,3.110050277181399,21.56327807837634,1.3337147835616359
https://comptox.epa.gov/dashboard/chemical/details/DTXSID1032511,"1,3,5-Triethylhexahydro-s-triazine",7779-27-3,C9H21N3,171.173548,26,476,5,Inactive,0.0000025931268922519596,-8.865650977186023,0.4432825488593012,25,1.3979400086720377
https://comptox.epa.gov/dashboard/chemical/details/DTXSID1032519,Acibenzolar-S-methyl,135158-54-2,C8H6N2OS2,209.992155,49,791,6,Active,0.9999999911409946,-88.91102690731626,4.445551345365812,1.020775720058241,0.0089303314690423
https://comptox.epa.gov/dashboard/chemical/details/DTXSID1032690,Indoxacarb,173584-44-6,C22H17ClF3N3O7,527.070712,181,740,24,Inactive,0,-5.138045554509964,0.25690227772549823,0.14094987774673753,-0.8509352964787238
https://comptox.epa.gov/dashboard/chemical/details/DTXSID1033161,Aldicarb sulfoxide,1646-87-3,C7H14N2O3S,206.072513,13,368,4,Inactive,3.652720513590766e-22,-4.874011480344402,0.2437005740172201,10.300632315223824,1.012863885150193
https://comptox.epa.gov/dashboard/chemical/details/DTXSID1033664,17-Methyltestosterone,58-18-4,C20H30O2,302.224580,160,708,23,Active,0.9999999997730816,-99.34056178126275,4.967028089063137,0.006548592036757475,-2.1838520643434967
https://comptox.epa.gov/dashboard/chemical/details/DTXSID1034181,Raloxifene hydrochloride,82640-04-8,C28H28ClNO4S,509.142757,416,734,57,Active,0.9999988610622639,-85.13550807620038,4.256775403810019,25,1.3979400086720377
https://comptox.epa.gov/dashboard/chemical/details/DTXSID1034260,Oxytetracycline,79-57-2,C22H24N2O9,460.148180,54,503,11,Inactive,-0.00002004659653831145,14.525977218290599,0.72629886091453,8.454702687251444,0.9270983400761178
https://comptox.epa.gov/dashboard/chemical/details/DTXSID1038298,1-Hydroxypyrene,5315-79-7,C16H10O,218.073165,238,690,34,Active,0.9999999895687876,-61.96597484673236,3.0982987423366177,8.266779172813644,0.9173363366468353
https://comptox.epa.gov/dashboard/chemical/details/DTXSID1040742,Triamcinolone,124-94-7,C21H27FO6,394.179167,68,650,10,Active,0.9999389358473431,-30.11838567423159,1.5059192837115796,32.59021072402886,1.5130871685653917
https://comptox.epa.gov/dashboard/chemical/details/DTXSID1040794,Sodium 2-phenylphenate tetrahydrate,6152-33-6,C12H17NaO5,264.097368,55,384,14,Active,0.993440844631769,-49.6229204727857,2.481146023639285,25.5,1.4065401804339552
https://comptox.epa.gov/dashboard/chemical/details/DTXSID2029325,Methyl (2-pentyl-3-oxocyclopentyl)acetate,24851-98-7,C13H22O3,226.156895,7,371,2,Active,0.9996187881499558,-35.0116140120368,1.7505807006018401,17.706822097032646,1.248140623891089
https://comptox.epa.gov/dashboard/chemical/details/DTXSID7021237,Reserpine,50-55-5,C33H40N2O9,608.273381,262,688,38,Active,0.9999999143422375,-72.58452836873751,3.6292264184368754,19.204132339031467,1.2833946901065987
https://comptox.epa.gov/dashboard/chemical/details/DTXSID7021362,o-Toluenesulfonamide,88-19-7,C7H9NO2S,171.035400,3,335,1,Active,0.98423216458285,-35.738403371385246,1.7869201685692624,1.8756555871133853,0.27315309505149904
https://comptox.epa.gov/dashboard/chemical/details/DTXSID7021815,"3,4-Dichloroaniline",95-76-1,C6H5Cl2N,160.979905,26,380,7,Active,0.9499957489559149,-27.168815261379475,1.3584407630689737,25,1.3979400086720377
https://comptox.epa.gov/dashboard/chemical/details/DTXSID7025429,6-Hydroxy-2-naphthyl disulfide,6088-51-3,C20H14O2S2,350.043522,169,408,41,Active,0.9999216605505431,-50.25739354754958,2.5128696773774792,31.898241179478717,1.5037667373798984
https://comptox.epa.gov/dashboard/chemical/details/DTXSID7032345,Chlorhexidine diacetate,56-95-1,C26H38Cl2N10O4,624.245455,214,391,55,Active,0.9999998641998596,-75.06717062839722,3.753358531419861,22.5,1.3521825181113625
https://comptox.epa.gov/dashboard/chemical/details/DTXSID8020256,d-Carvone,2244-16-8,C10H14O,150.104465,7,447,2,Inactive,0.003454781119883249,-7.880171923835773,0.39400859619178863,5,0.6989700043360189
https://comptox.epa.gov/dashboard/chemical/details/DTXSID8020337,Clomiphene citrate (1:1),50-41-9,C32H36ClNO8,597.212945,447,806,55,Active,0.9999999999556741,-109.57508835326846,5.478754417663422,4.817560211823245,0.6828271513501507
https://comptox.epa.gov/dashboard/chemical/details/DTXSID8020464,Diethyl maleate,141-05-9,C8H12O4,172.073559,13,456,3,Active,0.9980589126305496,-54.766269746591036,2.7383134873295516,5,0.6989700043360189
https://comptox.epa.gov/dashboard/chemical/details/DTXSID8020961,4-Nitrobenzenamine,100-01-6,C6H6N2O2,138.042927,39,599,7,Active,0.9979826909535322,-37.38541834268685,1.8692709171343425,25,1.3979400086720377
https://comptox.epa.gov/dashboard/chemical/details/DTXSID8020969,Nitroethane,79-24-3,C2H5NO2,75.032028,4,356,1,Inactive,8.758682555556273e-11,-0.7905691921060017,0.03952845960530009,25,1.3979400086720377
https://comptox.epa.gov/dashboard/chemical/details/DTXSID2031089,D and C Red No. 27,13473-26-2,C20H4Br4Cl4O5,779.554636,225,455,49,Inactive,0.07597560218573383,-15.673905496750695,0.7836952748375348,0.16655189297887582,-0.7784504268838931
https://comptox.epa.gov/dashboard/chemical/details/DTXSID6024624,Bisphenol A diglycidyl ether,1675-54-3,C21H24O4,340.167459,109,382,29,Inactive,5.729426480822684e-14,-7.9332355347072205,0.396661776735361,2.235277023631296,0.3493313540357258
https://comptox.epa.gov/dashboard/chemical/details/DTXSID6024838,C.I. Solvent Red 80,6358-53-8,C18H16N2O3,308.116092,111,332,33,Active,0.9991600985537975,-53.67522798279997,2.6837613991399984,2.8513276842965487,0.4550471307798296
https://comptox.epa.gov/dashboard/chemical/details/DTXSID6025012,"2,3-Dichloro-1-propene",78-88-6,C3H4Cl2,109.969005,1,329,0,Inactive,-0.0002238348401098145,3.994368222129202,0.1997184111064601,5.75,0.7596678446896306
https://comptox.epa.gov/dashboard/chemical/details/DTXSID6025226,Econazole nitrate,24169-02-6,C18H16Cl3N3O4,443.020639,184,376,49,Active,0.9999998324867614,-80.80295225317224,4.040147612658612,9.282538236406694,0.9676667468371929
https://comptox.epa.gov/dashboard/chemical/details/DTXSID6025486,Isoproterenol hydrochloride,51-30-9,C11H18ClNO3,247.097521,88,630,14,Inactive,-1.3866953666617367e-9,6.7508536951451505,0.3375426847572575,25,1.3979400086720377
https://comptox.epa.gov/dashboard/chemical/details/DTXSID7022332,4-(Butan-2-yl)phenol,99-71-8,C10H14O,150.104465,82,664,12,Active,0.9999908833631914,-33.601072041193774,1.6800536020596888,23.041728829942983,1.362515061258834
https://comptox.epa.gov/dashboard/chemical/details/DTXSID7023645,Tetracycline,60-54-8,C22H24N2O8,444.153266,32,653,5,Active,0.9714664227154131,-26.704536285250704,1.3352268142625352,37.403071572266256,1.5729072682997114
https://comptox.epa.gov/dashboard/chemical/details/DTXSID7026368,Salicylic acid,69-72-7,C7H6O3,138.031694,7,376,2,Inactive,-8.750902193300885e-7,11.11089868162907,0.5555449340814536,2.059086685253471,0.31367463031632514
https://comptox.epa.gov/dashboard/chemical/details/DTXSID8022325,"2,2-Bis(4-hydroxyphenyl)-1,1,1-trichloroethane",2971-36-0,C14H11Cl3O2,315.982463,394,861,46,Active,0.9999854889259676,-55.772401806706455,2.7886200903353227,6.149202652183994,0.7888188058231496
https://comptox.epa.gov/dashboard/chemical/details/DTXSID8022406,"2,4-Dihydroxybenzophenone",131-56-6,C13H10O3,214.062994,95,584,16,Active,0.9999999884471773,-79.27748457432472,3.963874228716236,9.968404772308995,0.998625664428572
https://comptox.epa.gov/dashboard/chemical/details/DTXSID8023216,"3,5,3'-Triiodothyronine",6893-02-3,C15H12I3NO4,650.790040,153,711,22,Inactive,0,-9.27237297339149,0.46361864866957453,5.304828709786014,0.7246713653163906
https://comptox.epa.gov/dashboard/chemical/details/DTXSID2032342,Chinomethionate,2439-01-2,C10H6N2OS2,233.992155,90,314,29,Active,0.9956676141303448,-29.319099418784536,1.4659549709392268,0.3629432611457003,-0.4401612628352981
https://comptox.epa.gov/dashboard/chemical/details/DTXSID2032390,Fenarimol,60168-88-9,C17H12Cl2N2O,330.032668,291,791,37,Inactive,0.004538849926310599,-13.411923509557838,0.6705961754778919,43.761689616193536,1.6410940815343222
https://comptox.epa.gov/dashboard/chemical/details/DTXSID2032500,Triflumizole,68694-11-1,C15H15ClF3N3O,345.085574,391,805,49,Active,0.999998773579516,-42.583101980972046,2.129155099048602,5.9639008229697765,0.7755304127160525
https://comptox.epa.gov/dashboard/chemical/details/DTXSID2036112,2-(8-Heptadecenyl)-2-imidazoline-1-ethanol,95-38-5,C22H42N2O,350.329714,157,376,42,Active,0.9565324067226021,-26.755329097822436,1.337766454891122,35.75686460335854,1.5533594300019846
https://comptox.epa.gov/dashboard/chemical/details/DTXSID2037714,4-Heptylphenol,1987-50-4,C13H20O,192.151415,162,611,27,Inactive,0,-4.695247084344833,0.23476235421724162,0.03256312869382563,-1.4872738743852372
https://comptox.epa.gov/dashboard/chemical/details/DTXSID2040363,Diniconazole,83657-24-3,C15H17Cl2N3O,325.074868,306,736,42,Active,0.9999993498842908,-35.245570156045844,1.7622785078022922,1.5140630876404182,0.18014397162593132
https://comptox.epa.gov/dashboard/chemical/details/DTXSID2040733,Triphenyltin chloride,639-58-7,C18H15ClSn,385.988430,245,386,63,Inactive,0.000025801344585753065,-13.980984741223686,0.6990492370611843,0.023323250540459747,-1.6322109224633155
https://comptox.epa.gov/dashboard/chemical/details/DTXSID2041208,Decyl beta-D-glucopyranoside,58846-77-8,C16H32O6,320.219889,18,356,5,Inactive,0,-5.000103880888157,0.25000519404440785,5.91610230637931,0.7720356755871647
https://comptox.epa.gov/dashboard/chemical/details/DTXSID3027403,Tributyltin chloride,1461-22-9,C12H27ClSn,326.082331,557,828,67,Active,0.9999999998305339,-72.70058033636698,3.6350290168183492,7.191554944484541,0.8568228028721149
https://comptox.epa.gov/dashboard/chemical/details/DTXSID8021062,N-Nitrosopyrrolidine,930-55-2,C4H8N2O,100.063663,14,361,4,Inactive,2.313915401827322e-20,-3.0942741449640554,0.15471370724820277,43.89405369653681,1.6424056905907496
https://comptox.epa.gov/dashboard/chemical/details/DTXSID8021224,C.I. Acid Red 114,6459-94-5,C37H28N4Na2O10S3,830.076295,99,378,26,Active,0.9999999999961998,-111.3259996705476,5.56629998352738,5.44469056181773,0.735973202528195
https://comptox.epa.gov/dashboard/chemical/details/DTXSID8021301,Tamoxifen citrate,54965-24-1,C32H37NO8,563.251917,403,700,58,Active,0.9999940046179692,-72.96742679351766,3.648371339675883,19.39926686005511,1.2877853173194562
https://comptox.epa.gov/dashboard/chemical/details/DTXSID8021771,4-(2-Methylbutan-2-yl)phenol,80-46-6,C11H16O,164.120115,127,678,19,Active,0.9493293294437817,-23.784427838357242,1.189221391917862,25,1.3979400086720377
https://comptox.epa.gov/dashboard/chemical/details/DTXSID8021804,Benzocaine,94-09-7,C9H11NO2,165.078979,17,365,5,Inactive,1.67009454580432e-8,-3.908963377139859,0.19544816885699295,25,1.3979400086720377
https://comptox.epa.gov/dashboard/chemical/details/DTXSID8022111,"N-(3,4-Dichlorophenyl)propanamide",709-98-8,C9H9Cl2NO,217.006119,120,743,16,Active,0.9999999905616076,-107.65718062589762,5.382859031294881,12.357060346405046,1.0919151675829926
https://comptox.epa.gov/dashboard/chemical/details/DTXSID8022959,Docusate sodium,577-11-7,C20H37NaO7S,444.215769,333,686,49,Active,0.9999444203154296,-42.62755989605588,2.131377994802794,17.65757314906204,1.2469310140549166
https://comptox.epa.gov/dashboard/chemical/details/DTXSID9020299,Chlorobenzilate,510-15-6,C16H14Cl2O3,324.032000,222,627,35,Active,0.9999997645420182,-57.840281735731985,2.8920140867865993,6.340636008363517,0.8021328227191382
https://comptox.epa.gov/dashboard/chemical/details/DTXSID9020617,Eugenol,97-53-0,C10H12O2,164.083730,21,641,3,Active,0.9998985957915749,-37.072542216038855,1.8536271108019426,20.979601534003933,1.321797235371996
https://comptox.epa.gov/dashboard/chemical/details/DTXSID9020827,Methoxychlor,72-43-5,C16H15Cl3O2,344.013763,233,840,28,Inactive,9.877468394967593e-7,-4.963820395633094,0.24819101978165473,24.85,1.395326393069351
https://comptox.epa.gov/dashboard/chemical/details/DTXSID9021138,"1,4-Benzenediamine",106-50-3,C6H8N2,108.068748,66,382,17,Active,0.999996765328089,-78.33538353561457,3.9167691767807282,25,1.3979400086720377
https://comptox.epa.gov/dashboard/chemical/details/DTXSID9021843,2-Pyridinecarbonitrile,100-70-9,C6H4N2,104.037448,2,331,1,Inactive,-2.4869687443126775e-8,13.651744244398994,0.6825872122199497,0.021571845129120294,-1.6661127063057137
https://comptox.epa.gov/dashboard/chemical/details/DTXSID9022100,4-Propylphenol,645-56-7,C9H12O,136.088815,17,378,4,Inactive,0.2361815461062715,-20.468660139834366,1.0234330069917184,25,1.3979400086720377
https://comptox.epa.gov/dashboard/chemical/details/DTXSID8023848,Acetochlor,34256-82-1,C14H20ClNO2,269.118257,177,734,24,Active,0.9999802134390509,-54.20763115725963,2.7103815578629815,15.48348943370725,1.1898688420721688
https://comptox.epa.gov/dashboard/chemical/details/DTXSID8023892,Abamectin,71751-41-2,, ,435,803,54,Active,0.9999993367551424,-81.52895761933777,4.076447880966889,5.413193536218401,0.7334535545636541
https://comptox.epa.gov/dashboard/chemical/details/DTXSID8024151,Imazalil,35554-44-0,C14H14Cl2N2O,296.048318,352,830,42,Active,0.9999997790400839,-54.397883439761294,2.7198941719880647,9.899233420879298,0.9956015649033944
https://comptox.epa.gov/dashboard/chemical/details/DTXSID8024311,Sodium fluoroacetate,62-74-8,C2H2FNaO2,99.993652,2,363,1,Inactive,5.550128252670375e-7,-6.6493016914649266,0.3324650845732463,25.15,1.400537989391946
https://comptox.epa.gov/dashboard/chemical/details/DTXSID8024523,"4-Androstene-3,17-dione",63-05-8,C19H26O2,286.193280,144,699,21,Active,1,-98.91527833231979,4.94576391661599,0.18198306722002294,-0.739969019460078
https://comptox.epa.gov/dashboard/chemical/details/DTXSID8026727,Geraniol,106-24-1,C10H18O,154.135765,13,588,2,Inactive,1.103948369374025e-8,-11.286545613537953,0.5643272806768976,8.112712556476945,0.9091660886553546
https://comptox.epa.gov/dashboard/chemical/details/DTXSID8044175,Clove leaf oil,8000-34-8,, ,71,634,11,Active,0.9999999984310404,-60.2831518586796,3.01415759293398,9.827042411139196,0.9924228303660547
https://comptox.epa.gov/dashboard/chemical/details/DTXSID9022364,5alpha-Dihydrotestosterone,521-18-6,C19H30O2,290.224580,145,709,20,Active,0.9999944642811848,-99.02861093500638,4.951430546750319,0.10348254171760832,-0.9851329127698021
https://comptox.epa.gov/dashboard/chemical/details/DTXSID9022366,Estriol,50-27-1,C18H24O3,288.172545,73,562,13,Inactive,2.1392598254487913e-12,-5.727890558556417,0.28639452792782083,0.2788941708861551,-0.5545605627451828
https://comptox.epa.gov/dashboard/chemical/details/DTXSID9022526,Benzyl 4-hydroxybenzoate,94-18-8,C14H12O3,228.078644,101,385,26,Active,0.9982784856408007,-37.33608613135247,1.8668043065676234,24.999999999999996,1.3979400086720375
https://comptox.epa.gov/dashboard/chemical/details/DTXSID9022528,Ethylparaben,120-47-8,C9H10O3,166.062994,21,613,3,Inactive,1.0264736139479971e-18,-5.938887011215225,0.2969443505607613,0.0315320606768932,-1.5012476463989373
https://comptox.epa.gov/dashboard/chemical/details/DTXSID9025035,7-Diethylamino-4-methylcoumarin,91-44-1,C14H17NO2,231.125929,112,455,25,Active,0.9904544654508315,-51.641019734243876,2.582050986712194,5,0.6989700043360189
https://comptox.epa.gov/dashboard/chemical/details/DTXSID3029653,Ammonium isothiocyanate,1762-95-4,CH4N2S,76.009519,5,375,1,Inactive,0,-5.8135262042719384,0.2906763102135969,0.5029216450180546,-0.29849967257233
https://comptox.epa.gov/dashboard/chemical/details/DTXSID3031862,Perfluorohexanoic acid,307-24-4,C6HF11O2,313.980089,21,738,3,Inactive,4.87521241909834e-7,-3.627501512747698,0.18137507563738492,25,1.3979400086720377
https://comptox.epa.gov/dashboard/chemical/details/DTXSID3032389,Farnesol,4602-84-0,C15H26O,222.198365,62,382,16,Inactive,0.1280289531048678,-14.769101465766912,0.7384550732883456,25,1.3979400086720377
https://comptox.epa.gov/dashboard/chemical/details/DTXSID3032624,Kinoprene,42588-37-4,C18H28O2,276.208930,50,437,11,Inactive,0.0476587822972337,-12.441753615383346,0.6220876807691673,5,0.6989700043360189
https://comptox.epa.gov/dashboard/chemical/details/DTXSID3038696,Ethyl benzoate,93-89-0,C9H10O2,150.068080,10,356,3,Inactive,-7.940018739486206e-10,5.882232398808988,0.2941116199404494,42.42754357908011,1.627647888214115
https://comptox.epa.gov/dashboard/chemical/details/DTXSID3040722,4-Cyclohexylcyclohexanol,2433-14-9,C12H22O,182.167065,38,627,6,Active,0.9998711138747594,-40.074243989657056,2.0037121994828526,22.38673876109635,1.3499908313539681
https://comptox.epa.gov/dashboard/chemical/details/DTXSID9026261,"Tris(1,3-dichloro-2-propyl) phosphate",13674-87-8,C9H15Cl6O4P,427.883912,237,790,30,Active,0.999999427954119,-55.69349688934156,2.784674844467078,13.332908981937857,1.124924914378135
https://comptox.epa.gov/dashboard/chemical/details/DTXSID9026841,Dihexyl hexanedioate,110-33-8,C18H34O4,314.245710,6,467,1,Inactive,-0.00001393400373641438,9.209864923930235,0.4604932461965118,25,1.3979400086720377
https://comptox.epa.gov/dashboard/chemical/details/DTXSID9026922,Tetraethylene glycol,112-60-7,C8H18O5,194.115424,10,364,3,Inactive,6.666250195685215e-8,-9.29179255743214,0.464589627871607,0.04635651572082001,-1.333889214211635
https://comptox.epa.gov/dashboard/chemical/details/DTXSID3044338,"2-(1-Chlorocyclopropyl)-1-(2-chlorophenyl)-3-(1H-1,2,4-triazol-1-yl)-2-propanol",120983-64-4,C14H15Cl2N3O,311.059217,47,328,14,Inactive,0.8949710129121202,-26.68992673282729,1.3344963366413645,5,0.6989700043360189
https://comptox.epa.gov/dashboard/chemical/details/DTXSID4020379,Dehydroepiandrosterone,53-43-0,C19H28O2,288.208930,77,423,18,Active,0.9999998556500063,-93.51181630466897,4.675590815233448,1.8847944299781352,0.2752639896640246
https://comptox.epa.gov/dashboard/chemical/details/DTXSID4027236,"2,3-Dinitrotoluene",602-01-7,C7H6N2O4,182.032757,58,617,9,Active,0.9926763544023622,-35.096573630226125,1.7548286815113063,11.637164074082694,1.0658471575444681
https://comptox.epa.gov/dashboard/chemical/details/DTXSID4027282,Phenyl phosphorus dichloride,644-97-3,C6H5Cl2P,177.950593,3,367,1,Inactive,1.1091676765322809e-8,-3.652092258687019,0.18260461293435096,25,1.3979400086720377
https://comptox.epa.gov/dashboard/chemical/details/DTXSID4027494,"2,3-Diaminotoluene",2687-25-4,C7H10N2,122.084398,144,632,23,Active,0.9969780626221116,-24.77772541065324,1.238886270532662,5.007856253130704,0.6996518542742384
https://comptox.epa.gov/dashboard/chemical/details/DTXSID4027650,Diallyldimethylammonium chloride,7398-69-8,C8H16ClN,161.097127,0,355,0,Inactive,-1.566401045876606e-7,0.005854371079158032,0.0002927185539579016,25,1.3979400086720377
https://comptox.epa.gov/dashboard/chemical/details/DTXSID4034653,Hexaconazole,79983-71-4,C14H17Cl2N3O,313.074868,275,725,38,Active,0.94042306479551,-28.64793350766709,1.4323966753833546,25,1.3979400086720377
https://comptox.epa.gov/dashboard/chemical/details/DTXSID4034869,Prothioconazole,178928-70-6,C14H15Cl2N3OS,343.031289,137,392,35,Inactive,0.021311546806043045,-12.197389755260692,0.6098694877630346,5,0.6989700043360189
https://comptox.epa.gov/dashboard/chemical/details/DTXSID4040264,Sodium pentachlorophenate,131-52-2,C6Cl5NaO,285.828947,140,322,43,Active,0.9889850861516352,-25.142044842647074,1.2571022421323537,5,0.6989700043360189
https://comptox.epa.gov/dashboard/chemical/details/DTXSID4040765,Dimethyl maleate,624-48-6,C6H8O4,144.042259,31,440,7,Inactive,0.07005412771188771,-17.823409679195326,0.8911704839597663,4.960634397715609,0.6955372204033287
https://comptox.epa.gov/dashboard/chemical/details/DTXSID4041232,"1,3,5-Triisopropylbenzene",717-74-8,C15H24,204.187801,33,361,9,Inactive,0,-3.3854471522875813,0.16927235761437906,0.0022900000235747168,-2.6401645131892084
https://comptox.epa.gov/dashboard/chemical/details/DTXSID4041234,"1,3,6-Hexanetricarbonitrile",1772-25-4,C9H11N3,161.095297,3,335,1,Inactive,3.366500461236309e-13,-9.41897285459758,0.470948642729879,1.5692855562259127,0.1957019774997578
https://comptox.epa.gov/dashboard/chemical/details/DTXSID5020653,Gentian Violet,548-62-9,C25H30ClN3,407.212826,489,724,68,Active,0.9999999981988069,-95.39338057351203,4.769669028675602,17.651171666802156,1.246773538706165
https://comptox.epa.gov/dashboard/chemical/details/DTXSID5027356,Tris(2-methoxyethoxy)vinylsilane,1067-53-4,C11H24O6Si,280.134215,10,358,3,Inactive,0.00003052850850609792,-10.121545797879076,0.5060772898939538,25.000000000000004,1.3979400086720377
https://comptox.epa.gov/dashboard/chemical/details/DTXSID5032498,Triclosan,3380-34-5,C12H7Cl3O2,287.951163,374,882,42,Active,0.9999863744148346,-45.90556078061667,2.2952780390308334,12.372604501971528,1.092461130653565
https://comptox.epa.gov/dashboard/chemical/details/DTXSID5034981,Tributyltin benzoate,4342-36-3,C19H32O2Sn,412.142432,211,374,56,Active,0.9999999986678011,-79.17105240611717,3.9585526203058583,9.935964184890548,0.9972100173803675
https://comptox.epa.gov/dashboard/chemical/details/DTXSID5038888,Basic Blue 7,2390-60-5,C33H40ClN3,513.291076,321,507,63,Active,0.9999999988247822,-100.87661556235085,5.043830778117543,3.6071558811431514,0.5571649105073042
https://comptox.epa.gov/dashboard/chemical/details/DTXSID5040704,"1,4-Naphthoquinone",130-15-4,C10H6O2,158.036779,194,326,60,Inactive,-0.00006367508520241224,6.248880440854116,0.31244402204270577,5,0.6989700043360189
https://comptox.epa.gov/dashboard/chemical/details/DTXSID5041726,C.I. Direct Red 81 disodium salt,2610-11-9,C29H19N5Na2O8S2,675.047043,82,500,16,Active,0.9999789655662129,-78.034264967563,3.90171324837815,40.635360750440974,1.60890411966238
https://comptox.epa.gov/dashboard/chemical/details/DTXSID6020569,"1,2-Epoxybutane",106-88-7,C4H8O,72.057515,5,333,2,Active,0.9969020761267813,-38.91395284669485,1.9456976423347423,5,0.6989700043360189
https://comptox.epa.gov/dashboard/chemical/details/DTXSID6027345,Triphenylborane,960-71-4,C18H15B,242.126680,75,409,18,Active,0.999347783564234,-38.730741940591145,1.9365370970295572,17.50747916080614,1.2432236180785876
https://comptox.epa.gov/dashboard/chemical/details/DTXSID6028022,1-(Bromomethyl)-3-phenoxybenzene,51632-16-7,C13H11BrO,261.999328,54,405,13,Active,0.9989169812948632,-34.04683159201956,1.702341579600978,24.999999999999996,1.3979400086720375
https://comptox.epa.gov/dashboard/chemical/details/DTXSID6032514,"1,2-Benzenedicarboxaldehyde",643-79-8,C8H6O2,134.036779,135,624,22,Active,0.9980375441599908,-29.965378988434942,1.4982689494217472,25,1.3979400086720377
https://comptox.epa.gov/dashboard/chemical/details/DTXSID6034186,Spironolactone,52-01-7,C24H32O4S,416.202131,219,692,32,Active,0.9999999952578189,-88.87402871686331,4.443701435843165,0.029239038056346527,-1.5340369194601637
https://comptox.epa.gov/dashboard/chemical/details/DTXSID6034764,Nicosulfuron,111991-09-4,C15H18N6O6S,410.100853,5,465,1,Inactive,2.3439895737514906e-8,-0.3557710641259443,0.017788553206297214,25,1.3979400086720377
https://comptox.epa.gov/dashboard/chemical/details/DTXSID7027756,3-Phenoxybenzenemethanol,13826-35-2,C13H12O2,200.083730,49,411,12,Active,0.9950968490853114,-36.049872072188585,1.8024936036094292,25,1.3979400086720377
https://comptox.epa.gov/dashboard/chemical/details/DTXSID7027833,2-Ethyl-6-methylaniline,24549-06-2,C9H13N,135.104799,9,356,3,Inactive,-0.00011387983151084314,8.431860350359715,0.4215930175179857,24.999999999999996,1.3979400086720375
https://comptox.epa.gov/dashboard/chemical/details/DTXSID7028015,Tripropylene glycol diacrylate,42978-66-5,, ,200,445,45,Active,0.9899059734753827,-75.35614136090278,3.767807068045139,6.294515900791128,0.79896233496818
https://comptox.epa.gov/dashboard/chemical/details/DTXSID7032004,Flutamide,13311-84-7,C11H11F3N2O3,276.072177,208,723,29,Active,0.9999999984419062,-109.4161343818116,5.4708067190905805,11.918837154226578,1.076233886097373
https://comptox.epa.gov/dashboard/chemical/details/DTXSID7032424,Mesotrione,104206-82-8,C14H13NO7S,339.041273,25,711,4,Active,0.9999988304628235,-49.12287752248349,2.4561438761241745,17.62074866976504,1.24602435675709
https://comptox.epa.gov/dashboard/chemical/details/DTXSID7032559,lambda-Cyhalothrin,91465-08-6,C23H19ClF3NO3,449.100556,92,551,17,Inactive,-0.00010142286502282224,1.024087399291427,0.05120436996457135,4.275,0.6309361190641914
https://comptox.epa.gov/dashboard/chemical/details/DTXSID7032688,Phenothrin,26002-80-2,C23H26O3,350.188195,50,482,10,Inactive,0,17.67736417754393,0.8838682088771964,6.405560829892145,0.8065571597894675
https://comptox.epa.gov/dashboard/chemical/details/DTXSID7034674,Ipconazole,125225-28-7,C18H24ClN3O,333.160790,176,414,43,Active,0.9999998862937969,-78.9007261318045,3.945036306590225,10.333147038947029,1.0142326093707423
https://comptox.epa.gov/dashboard/chemical/details/DTXSID7035010,Sodium warfarin,129-06-6,C19H15NaO4,330.086803,8,365,2,Inactive,0.00037082516536254573,-13.800729881476814,0.6900364940738407,25,1.3979400086720377
https://comptox.epa.gov/dashboard/chemical/details/DTXSID7037185,Amiodarone hydrochloride,19774-82-4,C25H30ClI2NO3,681.000360,393,705,56,Active,0.9999986310907819,-67.88212050052591,3.3941060250262955,18.9,1.276461804173244
https://comptox.epa.gov/dashboard/chemical/details/DTXSID7037717,Bisphenol AF,1478-61-1,C15H10F6O2,336.058499,417,807,52,Active,0.9998368925195735,-43.001787245479214,2.1500893622739605,21.292105420446,1.3282186077639446
https://comptox.epa.gov/dashboard/chemical/details/DTXSID7040788,2-tert-Butyl-4-methoxyphenol,121-00-6,C11H16O2,180.115030,71,633,11,Active,0.9980060552122394,-26.5640923089976,1.32820461544988,27.711630202605836,1.442662074940339
https://comptox.epa.gov/dashboard/chemical/details/DTXSID8027292,Dibutyltin dichloride,683-18-1,C8H18Cl2Sn,303.980758,203,389,52,Active,0.9999998556034786,-79.71953528864819,3.9859767644324093,19.55840034822284,1.2913333316198312
https://comptox.epa.gov/dashboard/chemical/details/DTXSID8027454,"N,N-Dimethylacetoacetamide",2044-64-6,C6H11NO2,129.078979,4,366,1,Inactive,3.1512425549969195e-9,-6.3848353793597745,0.3192417689679887,44.345291332513334,1.646847512400643
https://comptox.epa.gov/dashboard/chemical/details/DTXSID8034376,Denatonium benzoate,3734-33-6,C28H34N2O3,446.256943,21,479,4,Inactive,0.00008744995054536106,-5.006318322622266,0.2503159161311133,5,0.6989700043360189
https://comptox.epa.gov/dashboard/chemical/details/DTXSID8035180,Allethrin,584-79-2,C19H26O3,302.188195,242,770,31,Inactive,0.10075757274564935,-19.600019965130926,0.9800009982565463,25.000000000000004,1.3979400086720377
https://comptox.epa.gov/dashboard/chemical/details/DTXSID8040721,4-Cyclohexylcyclohexanone,92-68-2,C12H20O,180.151415,58,627,9,Inactive,0.8296770612763092,-21.517997386029915,1.0758998693014958,25.000000000000004,1.3979400086720377
https://comptox.epa.gov/dashboard/chemical/details/DTXSID8047268,CI-959,104795-68-8,C14H14N5NaO3S,355.071505,241,639,38,Inactive,0.5466945903507718,-21.55447077488002,1.077723538744001,14.025870232255214,1.1469298164766237
https://comptox.epa.gov/dashboard/chemical/details/DTXSID9020374,"p,p'-DDE",72-55-9,C14H8Cl4,315.938011,232,712,33,Active,0.9999998321756733,-74.47876987243905,3.723938493621952,16.82262849156645,1.225893854137109
https://comptox.epa.gov/dashboard/chemical/details/DTXSID9020409,"Dibenz[a,h]anthracene",53-70-3,C22H14,278.109550,49,510,10,Inactive,0.0001930919674581952,-9.891327457185811,0.49456637285929056,22.5,1.3521825181113625
https://comptox.epa.gov/dashboard/chemical/details/DTXSID9029146,4-Methylmorpholine,109-02-4,C5H11NO,101.084064,4,359,1,Inactive,0.0019152483536395213,-6.502441223837149,0.32512206119185744,25,1.3979400086720377
https://comptox.epa.gov/dashboard/chemical/details/DTXSID9032113,Tebuconazole,107534-96-3,C16H22ClN3O,307.145140,180,746,24,Active,0.9999999825917145,-88.63938272067261,4.431969136033631,14.871094632202857,1.1723429372663134
https://comptox.epa.gov/dashboard/chemical/details/DTXSID9032531,Bromuconazole,116255-48-2,C13H12BrCl2N3O,374.954080,110,437,25,Active,0.999999999834827,-102.93336388457672,5.146668194228836,7.3631392401417886,0.8670630132504984
https://comptox.epa.gov/dashboard/chemical/details/DTXSID9032589,Bromadiolone,28772-56-7,C30H23BrO4,526.077972,210,489,43,Inactive,0,-14.046859225111204,0.7023429612555602,0.05061027465285809,-1.2957613058467734
https://comptox.epa.gov/dashboard/chemical/details/DTXSID9033923,Procymidone,32809-16-8,C13H11Cl2NO2,283.016684,63,696,9,Inactive,1.6280492675139277e-9,-2.15908560906338,0.10795428045316899,0.125,-0.9030899869919435
https://comptox.epa.gov/dashboard/chemical/details/DTXSID9035204,Tributyltin methacrylate,2155-70-6,C16H32O2Sn,376.142432,520,765,68,Active,0.9999999980965174,-82.24729653502473,4.112364826751237,12.051340521167699,1.0810353579951686
https://comptox.epa.gov/dashboard/chemical/details/DTXSID9036438,Bumetrizole,3896-11-5,C17H18ClN3O,315.113840,8,441,2,Active,0.9999992256275715,-76.10253652802592,3.8051268264012963,0.7413882434649779,-0.12995430505958258
https://comptox.epa.gov/dashboard/chemical/details/DTXSID9040716,4-(2-Methylbutan-2-yl)cyclohexanol,5349-51-9,C11H22O,170.167065,30,648,5,Active,0.999941776933612,-58.65989767630928,2.932994883815464,32.130943401691965,1.5069234771274327
https://comptox.epa.gov/dashboard/chemical/details/DTXSID2020189,FD&C Blue No. 1,3844-45-9,C37H34N2Na2O9S3,792.122183,91,626,15,Active,0.9989961092425852,-37.712274848911996,1.8856137424455999,16.1,1.2068258760318498
https://comptox.epa.gov/dashboard/chemical/details/DTXSID2025210,C.I. Disperse Red 60,17418-58-5,C20H13NO4,331.084458,54,321,17,Inactive,0.03678843252981261,-15.002310051679224,0.7501155025839612,0.05758751029016379,-1.2396716971362953
https://comptox.epa.gov/dashboard/chemical/details/DTXSID3020122,Azinphos-methyl,86-50-0,C10H12N3O3PS2,317.005771,176,835,21,Active,0.9999999772399939,-59.21501397896633,2.9607506989483166,16.10681492431193,1.2070096684418963
https://comptox.epa.gov/dashboard/chemical/details/DTXSID3027875,Glyceryl monooleate,25496-72-4,, ,28,369,8,Inactive,0.000007985719543489598,-17.343158763202275,0.8671579381601138,43.113143074971006,1.6346096853534917
https://comptox.epa.gov/dashboard/chemical/details/DTXSID3034402,Butachlor,23184-66-9,C17H26ClNO2,311.165207,221,697,32,Inactive,0.003036340983121086,-19.389280772471007,0.9694640386235504,20.581000795987077,1.3134664894549304
https://comptox.epa.gov/dashboard/chemical/details/DTXSID3040776,Morin hydrate,654055-01-3,C15H14O9,338.063782,44,378,12,Active,0.999999810762608,-84.59396902445337,4.229698451222669,9.550658290582625,0.9800333068837016
https://comptox.epa.gov/dashboard/chemical/details/DTXSID3041611,Ascorbyl palmitate,137-66-6,C22H38O7,414.261754,50,371,13,Inactive,1.1524933750420549e-7,-14.148777100583967,0.7074388550291983,1.4112081512464993,0.14959107631322033
https://comptox.epa.gov/dashboard/chemical/details/DTXSID4024359,"2,4,5-Trichlorophenol",95-95-4,C6H3Cl3O,195.924948,159,661,24,Inactive,6.885458715439548e-14,-14.791392915071892,0.7395696457535946,9.743331626200083,0.988707484544861
https://comptox.epa.gov/dashboard/chemical/details/DTXSID5022308,Genistein,446-72-0,C15H10O5,270.052823,188,671,28,Inactive,0,-7.397822983637113,0.3698911491818556,0.0008537473289965257,-3.0686706420265275
https://comptox.epa.gov/dashboard/chemical/details/DTXSID5041728,C.I. Direct Yellow 12,2870-32-8,C30H26N4Na2O8S2,680.098745,48,376,13,Active,0.9999999831997316,-98.2616448657377,4.913082243286885,17.703472140360283,1.2480584518711668
https://comptox.epa.gov/dashboard/chemical/details/DTXSID6020197,Bromocriptine mesylate,22260-51-1,C33H44BrN5O8S,749.209398,75,366,20,Active,0.9999999981396217,-97.13986010221697,4.856993005110849,1.0470278852811936,0.019958248309673323
https://comptox.epa.gov/dashboard/chemical/details/DTXSID6022391,Apigenin,520-36-5,C15H10O5,270.052823,169,424,40,Active,0.9999999806273029,-99.00959538105063,4.9504797690525315,12.87756714122556,1.1098338228886875
https://comptox.epa.gov/dashboard/chemical/details/DTXSID6040747,17alpha-Hydroxyprogesterone,68-96-2,C21H30O3,330.219495,86,652,13,Active,0.9999999996625862,-69.09881855251939,3.4549409276259695,0.4897294982301923,-0.31004373602105895
https://comptox.epa.gov/dashboard/chemical/details/DTXSID8041909,Dysprosium(III) chloride,10025-74-8,Cl3Dy,268.835740,5,360,1,Active,0.999786369587035,-45.090448317048654,2.2545224158524326,19.696964965736974,1.2943993124469668
https://comptox.epa.gov/dashboard/chemical/details/DTXSID9023380,Norethindrone,68-22-4,C20H26O2,298.193280,156,677,23,Active,0.9999999995596691,-86.79179815211181,4.339589907605591,0.00498987788882399,-2.301910082204027
https://comptox.epa.gov/dashboard/chemical/details/DTXSID9041289,Myristyltrimethylammonium chloride,4574-04-3,C17H38ClN,291.269278,177,375,47,Inactive,-8.30777337249317e-20,2.303630030722918,0.1151815015361459,0.39130811053469194,-0.4074811505047422